{"v":"5.8.1","fr":24,"ip":0,"op":51,"w":342,"h":209,"nm":"SB42_Frog_Jump_01_asset","ddd":0,"assets":[],"layers":[{"ddd":0,"ind":1,"ty":3,"nm":"Null 1","sr":1,"ks":{"o":{"a":0,"k":0},"r":{"a":1,"k":[{"i":{"x":[0.667],"y":[1]},"o":{"x":[0.333],"y":[0]},"t":10.666,"s":[0]},{"i":{"x":[0.667],"y":[1]},"o":{"x":[0.333],"y":[0]},"t":15.333,"s":[24.6]},{"i":{"x":[0.667],"y":[1]},"o":{"x":[0.333],"y":[0]},"t":20,"s":[46.372]},{"t":24.666015625,"s":[0]}]},"p":{"a":1,"k":[{"i":{"x":0.667,"y":1},"o":{"x":0.333,"y":0},"t":6.667,"s":[82,154.5,0],"to":[33.5,-166.583,0],"ti":[-26,-30.917,0]},{"t":26.666015625,"s":[262,147.5,0]}]}},"ao":0,"ip":0,"op":500,"st":0,"bm":0},{"ddd":0,"ind":2,"ty":4,"nm":"Foot FR","parent":3,"sr":1,"ks":{"r":{"a":1,"k":[{"i":{"x":[0.667],"y":[1]},"o":{"x":[0.333],"y":[0]},"t":6.667,"s":[0]},{"i":{"x":[0.667],"y":[1]},"o":{"x":[0.333],"y":[0]},"t":13.333,"s":[77.5]},{"i":{"x":[0.667],"y":[1]},"o":{"x":[0.333],"y":[0]},"t":20,"s":[81.65]},{"t":26.666015625,"s":[0]}]},"p":{"a":0,"k":[-17.291,18.053,0]},"a":{"a":0,"k":[-17.291,18.053,0]}},"ao":0,"shapes":[{"ty":"gr","it":[{"ty":"gr","it":[{"ind":0,"ty":"sh","ks":{"a":0,"k":{"i":[[0,-0.78],[0.78,0],[0,0.78],[-0.78,0]],"o":[[0,0.78],[-0.78,0],[0,-0.78],[0.78,0]],"v":[[-10.346,18.975],[-11.758,20.387],[-13.17,18.975],[-11.758,17.563]],"c":true}},"nm":"Path 1","hd":false},{"ty":"fl","c":{"a":0,"k":[0.878431379795,0.89411765337,0.337254911661,1]},"o":{"a":0,"k":100},"r":1,"bm":0,"nm":"Fill 1","hd":false},{"ty":"tr","p":{"a":0,"k":[0,0]},"a":{"a":0,"k":[0,0]},"s":{"a":0,"k":[100,100]},"r":{"a":0,"k":0},"o":{"a":0,"k":100},"sk":{"a":0,"k":0},"sa":{"a":0,"k":0},"nm":"Transform"}],"nm":"Group 1","bm":0,"hd":false},{"ty":"gr","it":[{"ind":0,"ty":"sh","ks":{"a":0,"k":{"i":[[0,-0.5],[0.5,0],[0,0.5],[-0.5,0]],"o":[[0,0.5],[-0.5,0],[0,-0.5],[0.5,0]],"v":[[-2.784,22.534],[-3.689,23.439],[-4.594,22.534],[-3.689,21.629]],"c":true}},"nm":"Path 1","hd":false},{"ty":"fl","c":{"a":0,"k":[0.878431379795,0.89411765337,0.337254911661,1]},"o":{"a":0,"k":100},"r":1,"bm":0,"nm":"Fill 1","hd":false},{"ty":"tr","p":{"a":0,"k":[0,0]},"a":{"a":0,"k":[0,0]},"s":{"a":0,"k":[100,100]},"r":{"a":0,"k":0},"o":{"a":0,"k":100},"sk":{"a":0,"k":0},"sa":{"a":0,"k":0},"nm":"Transform"}],"nm":"Group 2","bm":0,"hd":false},{"ty":"gr","it":[{"ind":0,"ty":"sh","ks":{"a":0,"k":{"i":[[1.669,0.087],[-1.52,-0.734],[-0.131,0.839]],"o":[[0,0],[1.52,0.734],[0,0]],"v":[[-5.301,13.666],[-4.157,15.807],[-0.225,14.898]],"c":true}},"nm":"Path 1","hd":false},{"ty":"fl","c":{"a":0,"k":[0.878431379795,0.89411765337,0.337254911661,1]},"o":{"a":0,"k":100},"r":1,"bm":0,"nm":"Fill 1","hd":false},{"ty":"tr","p":{"a":0,"k":[0,0]},"a":{"a":0,"k":[0,0]},"s":{"a":0,"k":[100,100]},"r":{"a":0,"k":0},"o":{"a":0,"k":100},"sk":{"a":0,"k":0},"sa":{"a":0,"k":0},"nm":"Transform"}],"nm":"Group 3","bm":0,"hd":false},{"ty":"tr","p":{"a":0,"k":[0,0]},"a":{"a":0,"k":[0,0]},"s":{"a":0,"k":[100,100]},"r":{"a":0,"k":0},"o":{"a":0,"k":100},"sk":{"a":0,"k":0},"sa":{"a":0,"k":0},"nm":"Transform"}],"nm":"Group 1","bm":0,"hd":false},{"ty":"gr","it":[{"ind":0,"ty":"sh","ks":{"a":0,"k":{"i":[[1.107,0.527],[-0.21,0.315],[0.374,-0.828],[0.064,-0.005]],"o":[[0,0],[0,0],[0,0],[0,0]],"v":[[10.592,23.041],[11.688,23.107],[12.209,24.705],[12.011,24.951]],"c":true}},"nm":"Path 1","hd":false},{"ty":"fl","c":{"a":0,"k":[0.29411765933,0.666666686535,0.282352954149,1]},"o":{"a":0,"k":100},"r":1,"bm":0,"nm":"Fill 1","hd":false},{"ty":"tr","p":{"a":0,"k":[0,0]},"a":{"a":0,"k":[0,0]},"s":{"a":0,"k":[100,100]},"r":{"a":0,"k":0},"o":{"a":0,"k":100},"sk":{"a":0,"k":0},"sa":{"a":0,"k":0},"nm":"Transform"}],"nm":"Group 2","bm":0,"hd":false},{"ty":"gr","it":[{"ind":0,"ty":"sh","ks":{"a":0,"k":{"i":[[0.397,0.576],[-1.139,0.643],[0,0],[0.062,-0.708],[0,0],[1.672,0.02],[0,0]],"o":[[0,0],[1.139,-0.643],[0,0],[-0.061,0.696],[0,0],[-1.633,-0.02],[0,0]],"v":[[5.856,24.708],[10.485,25.217],[11.557,24.288],[11.806,25.479],[11.251,26.594],[8.548,26.87],[6.618,26.614]],"c":true}},"nm":"Path 1","hd":false},{"ty":"fl","c":{"a":0,"k":[0.29411765933,0.666666686535,0.282352954149,1]},"o":{"a":0,"k":100},"r":1,"bm":0,"nm":"Fill 1","hd":false},{"ty":"tr","p":{"a":0,"k":[0,0]},"a":{"a":0,"k":[0,0]},"s":{"a":0,"k":[100,100]},"r":{"a":0,"k":0},"o":{"a":0,"k":100},"sk":{"a":0,"k":0},"sa":{"a":0,"k":0},"nm":"Transform"}],"nm":"Group 3","bm":0,"hd":false},{"ty":"gr","it":[{"ind":0,"ty":"sh","ks":{"a":0,"k":{"i":[[-1.031,0.838],[-7.339,-3.043],[-1.521,0.4],[0.096,0.505],[-0.12,-1.376],[2.311,-0.306],[4.836,1.678],[1.176,1.766]],"o":[[0,0],[7.339,3.043],[0.956,-0.251],[0,0],[0,0],[-2.274,0.301],[-4.836,-1.678],[-1.365,-2.05]],"v":[[-17.788,17.994],[-10.989,24.037],[2.907,26.468],[5.478,24.561],[6.461,26.999],[4.061,28.454],[-8.836,26.96],[-17.175,20.928]],"c":true}},"nm":"Path 1","hd":false},{"ty":"fl","c":{"a":0,"k":[0.29411765933,0.666666686535,0.282352954149,1]},"o":{"a":0,"k":100},"r":1,"bm":0,"nm":"Fill 1","hd":false},{"ty":"tr","p":{"a":0,"k":[0,0]},"a":{"a":0,"k":[0,0]},"s":{"a":0,"k":[100,100]},"r":{"a":0,"k":0},"o":{"a":0,"k":100},"sk":{"a":0,"k":0},"sa":{"a":0,"k":0},"nm":"Transform"}],"nm":"Group 4","bm":0,"hd":false},{"ty":"gr","it":[{"ind":0,"ty":"sh","ks":{"a":0,"k":{"i":[[0,0],[-1.258,-0.398]],"o":[[0,0],[0,0]],"v":[[6.78,22.777],[9.297,22.74]],"c":false}},"nm":"Path 1","hd":false},{"ty":"st","c":{"a":0,"k":[0.215686276555,0.341176480055,0.160784319043,1]},"o":{"a":0,"k":100},"w":{"a":0,"k":0.25},"lc":1,"lj":1,"ml":10,"bm":0,"nm":"Stroke 1","hd":false},{"ty":"fl","c":{"a":0,"k":[0.368627458811,0.729411780834,0.278431385756,1]},"o":{"a":0,"k":100},"r":1,"bm":0,"nm":"Fill 1","hd":false},{"ty":"tr","p":{"a":0,"k":[0,0]},"a":{"a":0,"k":[0,0]},"s":{"a":0,"k":[100,100]},"r":{"a":0,"k":0},"o":{"a":0,"k":100},"sk":{"a":0,"k":0},"sa":{"a":0,"k":0},"nm":"Transform"}],"nm":"Group 5","bm":0,"hd":false},{"ty":"gr","it":[{"ind":0,"ty":"sh","ks":{"a":0,"k":{"i":[[0,0],[-1.221,-5.431]],"o":[[0,0],[0,0]],"v":[[-0.47,22.989],[6.536,26.69]],"c":false}},"nm":"Path 1","hd":false},{"ty":"st","c":{"a":0,"k":[0.215686276555,0.341176480055,0.160784319043,1]},"o":{"a":0,"k":100},"w":{"a":0,"k":0.25},"lc":1,"lj":1,"ml":10,"bm":0,"nm":"Stroke 1","hd":false},{"ty":"fl","c":{"a":0,"k":[0.368627458811,0.729411780834,0.278431385756,1]},"o":{"a":0,"k":100},"r":1,"bm":0,"nm":"Fill 1","hd":false},{"ty":"tr","p":{"a":0,"k":[0,0]},"a":{"a":0,"k":[0,0]},"s":{"a":0,"k":[100,100]},"r":{"a":0,"k":0},"o":{"a":0,"k":100},"sk":{"a":0,"k":0},"sa":{"a":0,"k":0},"nm":"Transform"}],"nm":"Group 6","bm":0,"hd":false},{"ty":"gr","it":[{"ind":0,"ty":"sh","ks":{"a":0,"k":{"i":[[0,0],[-1.276,-1.378],[-1.258,0.559],[0.245,1.122],[-0.332,0.312],[2.516,0.315],[15.99,0.429],[0.066,-0.008],[1.446,-1.357]],"o":[[0.56,1.217],[6.151,6.64],[0,0],[0.884,0.492],[1.244,-1.166],[0,0],[-0.067,-0.002],[-0.59,0.069],[0,0]],"v":[[-18.471,18.975],[-15.762,22.845],[4.982,28.371],[6.536,26.69],[11.344,26.644],[9.297,22.74],[-9.791,13.176],[-9.986,13.184],[-15.4,14.668]],"c":false}},"nm":"Path 1","hd":false},{"ty":"st","c":{"a":0,"k":[0.215686276555,0.341176480055,0.160784319043,1]},"o":{"a":0,"k":100},"w":{"a":0,"k":0.25},"lc":1,"lj":1,"ml":10,"bm":0,"nm":"Stroke 1","hd":false},{"ty":"fl","c":{"a":0,"k":[0.368627458811,0.729411780834,0.278431385756,1]},"o":{"a":0,"k":100},"r":1,"bm":0,"nm":"Fill 1","hd":false},{"ty":"tr","p":{"a":0,"k":[0,0]},"a":{"a":0,"k":[0,0]},"s":{"a":0,"k":[100,100]},"r":{"a":0,"k":0},"o":{"a":0,"k":100},"sk":{"a":0,"k":0},"sa":{"a":0,"k":0},"nm":"Transform"}],"nm":"Group 7","bm":0,"hd":false},{"ty":"gr","it":[{"ind":0,"ty":"sh","ks":{"a":0,"k":{"i":[[0,0],[-0.839,-1.439],[0,0],[0,0]],"o":[[0,0],[0.839,1.439],[0,0],[0,0]],"v":[[8.582,21.993],[12.085,23.432],[11.754,25.217],[9.185,23.722]],"c":true}},"nm":"Path 1","hd":false},{"ty":"st","c":{"a":0,"k":[0.215686276555,0.341176480055,0.160784319043,1]},"o":{"a":0,"k":100},"w":{"a":0,"k":0.25},"lc":1,"lj":1,"ml":10,"bm":0,"nm":"Stroke 1","hd":false},{"ty":"fl","c":{"a":0,"k":[0.368627458811,0.729411780834,0.278431385756,1]},"o":{"a":0,"k":100},"r":1,"bm":0,"nm":"Fill 1","hd":false},{"ty":"tr","p":{"a":0,"k":[0,0]},"a":{"a":0,"k":[0,0]},"s":{"a":0,"k":[100,100]},"r":{"a":0,"k":0},"o":{"a":0,"k":100},"sk":{"a":0,"k":0},"sa":{"a":0,"k":0},"nm":"Transform"}],"nm":"Group 8","bm":0,"hd":false}],"ip":0,"op":500,"st":0,"bm":0},{"ddd":0,"ind":3,"ty":4,"nm":"Leg FR","parent":1,"sr":1,"ks":{"r":{"a":1,"k":[{"i":{"x":[0.667],"y":[1]},"o":{"x":[0.333],"y":[0]},"t":6.667,"s":[0]},{"i":{"x":[0.667],"y":[1]},"o":{"x":[0.333],"y":[0]},"t":13.333,"s":[13.5]},{"i":{"x":[0.667],"y":[1]},"o":{"x":[0.333],"y":[0]},"t":20,"s":[-100.85]},{"t":26.666015625,"s":[0]}]},"p":{"a":0,"k":[-7.24,0.603,0]},"a":{"a":0,"k":[-7.24,0.603,0]}},"ao":0,"shapes":[{"ty":"gr","it":[{"ty":"gr","it":[{"ind":0,"ty":"sh","ks":{"a":0,"k":{"i":[[0,-0.556],[0.556,0],[0,0.556],[-0.556,0]],"o":[[0,0.556],[-0.556,0],[0,-0.556],[0.556,0]],"v":[[-15.365,11.394],[-16.372,12.4],[-17.378,11.394],[-16.372,10.387]],"c":true}},"nm":"Path 1","hd":false},{"ty":"fl","c":{"a":0,"k":[0.878431379795,0.89411765337,0.337254911661,1]},"o":{"a":0,"k":100},"r":1,"bm":0,"nm":"Fill 1","hd":false},{"ty":"tr","p":{"a":0,"k":[0,0]},"a":{"a":0,"k":[0,0]},"s":{"a":0,"k":[100,100]},"r":{"a":0,"k":0},"o":{"a":0,"k":100},"sk":{"a":0,"k":0},"sa":{"a":0,"k":0},"nm":"Transform"}],"nm":"Group 1","bm":0,"hd":false},{"ty":"gr","it":[{"ind":0,"ty":"sh","ks":{"a":0,"k":{"i":[[0,-0.357],[0.357,0],[0,0.357],[-0.357,0]],"o":[[0,0.357],[-0.357,0],[0,-0.357],[0.357,0]],"v":[[-11.112,2.858],[-11.758,3.504],[-12.405,2.858],[-11.758,2.211]],"c":true}},"nm":"Path 1","hd":false},{"ty":"fl","c":{"a":0,"k":[0.878431379795,0.89411765337,0.337254911661,1]},"o":{"a":0,"k":100},"r":1,"bm":0,"nm":"Fill 1","hd":false},{"ty":"tr","p":{"a":0,"k":[0,0]},"a":{"a":0,"k":[0,0]},"s":{"a":0,"k":[100,100]},"r":{"a":0,"k":0},"o":{"a":0,"k":100},"sk":{"a":0,"k":0},"sa":{"a":0,"k":0},"nm":"Transform"}],"nm":"Group 2","bm":0,"hd":false},{"ty":"gr","it":[{"ind":0,"ty":"sh","ks":{"a":0,"k":{"i":[[0,-1.002],[1.002,0],[0,1.002],[-1.002,0]],"o":[[0,1.002],[-1.002,0],[0,-1.002],[1.002,0]],"v":[[-9.944,7.346],[-11.758,9.16],[-13.573,7.346],[-11.758,5.531]],"c":true}},"nm":"Path 1","hd":false},{"ty":"fl","c":{"a":0,"k":[0.878431379795,0.89411765337,0.337254911661,1]},"o":{"a":0,"k":100},"r":1,"bm":0,"nm":"Fill 1","hd":false},{"ty":"tr","p":{"a":0,"k":[0,0]},"a":{"a":0,"k":[0,0]},"s":{"a":0,"k":[100,100]},"r":{"a":0,"k":0},"o":{"a":0,"k":100},"sk":{"a":0,"k":0},"sa":{"a":0,"k":0},"nm":"Transform"}],"nm":"Group 3","bm":0,"hd":false},{"ty":"tr","p":{"a":0,"k":[0,0]},"a":{"a":0,"k":[0,0]},"s":{"a":0,"k":[100,100]},"r":{"a":0,"k":0},"o":{"a":0,"k":100},"sk":{"a":0,"k":0},"sa":{"a":0,"k":0},"nm":"Transform"}],"nm":"Group 1","bm":0,"hd":false},{"ty":"gr","it":[{"ind":0,"ty":"sh","ks":{"a":0,"k":{"i":[[-0.039,0.011],[2.575,-1.199],[-1.278,-0.518],[-1.212,0.498]],"o":[[0,0],[0,0],[0,0],[1.212,-0.498]],"v":[[-10.343,13.124],[-14.491,13.696],[-14.884,14.968],[-12.964,13.854]],"c":true}},"nm":"Path 1","hd":false},{"ty":"fl","c":{"a":0,"k":[0.29411765933,0.666666686535,0.282352954149,1]},"o":{"a":0,"k":100},"r":1,"bm":0,"nm":"Fill 1","hd":false},{"ty":"tr","p":{"a":0,"k":[0,0]},"a":{"a":0,"k":[0,0]},"s":{"a":0,"k":[100,100]},"r":{"a":0,"k":0},"o":{"a":0,"k":100},"sk":{"a":0,"k":0},"sa":{"a":0,"k":0},"nm":"Transform"}],"nm":"Group 2","bm":0,"hd":false},{"ty":"gr","it":[{"ind":0,"ty":"sh","ks":{"a":0,"k":{"i":[[0,0]],"o":[[0,0]],"v":[[-14.346,13.514]],"c":false}},"nm":"Path 1","hd":false},{"ty":"st","c":{"a":0,"k":[0.215686276555,0.341176480055,0.160784319043,1]},"o":{"a":0,"k":100},"w":{"a":0,"k":0.25},"lc":1,"lj":1,"ml":10,"bm":0,"nm":"Stroke 1","hd":false},{"ty":"fl","c":{"a":0,"k":[0.368627458811,0.729411780834,0.278431385756,1]},"o":{"a":0,"k":100},"r":1,"bm":0,"nm":"Fill 1","hd":false},{"ty":"tr","p":{"a":0,"k":[0,0]},"a":{"a":0,"k":[0,0]},"s":{"a":0,"k":[100,100]},"r":{"a":0,"k":0},"o":{"a":0,"k":100},"sk":{"a":0,"k":0},"sa":{"a":0,"k":0},"nm":"Transform"}],"nm":"Group 3","bm":0,"hd":false},{"ty":"gr","it":[{"ind":0,"ty":"sh","ks":{"a":0,"k":{"i":[[0,0],[-1.275,4.461],[-1.883,-0.996]],"o":[[-0.795,-1.504],[0,0],[0,0]],"v":[[-18.343,19.18],[-18.405,12.042],[-17.788,17.994]],"c":false}},"nm":"Path 1","hd":false},{"ty":"fl","c":{"a":0,"k":[0.29411765933,0.666666686535,0.282352954149,1]},"o":{"a":0,"k":100},"r":1,"bm":0,"nm":"Fill 1","hd":false},{"ty":"tr","p":{"a":0,"k":[0,0]},"a":{"a":0,"k":[0,0]},"s":{"a":0,"k":[100,100]},"r":{"a":0,"k":0},"o":{"a":0,"k":100},"sk":{"a":0,"k":0},"sa":{"a":0,"k":0},"nm":"Transform"}],"nm":"Group 4","bm":0,"hd":false},{"ty":"gr","it":[{"ind":0,"ty":"sh","ks":{"a":0,"k":{"i":[[0,0],[0,0],[0,0],[0,0],[2.235,-0.224],[0,0],[0.213,0.053],[-2.438,7.52],[0,0],[-1.014,-1.383]],"o":[[-2.936,2.237],[0,0],[0,0],[-0.515,2.187],[0,0],[-0.218,0.022],[-7.023,-1.749],[1.985,-6.123],[0,0],[0,0]],"v":[[-6.256,2.435],[-9.89,13.173],[-9.89,13.173],[-10,13.639],[-14.542,21.157],[-14.705,21.173],[-15.365,21.128],[-15.762,3.763],[-9.19,-2.227],[-6.236,-0.882]],"c":false}},"nm":"Path 1","hd":false},{"ty":"st","c":{"a":0,"k":[0.215686276555,0.341176480055,0.160784319043,1]},"o":{"a":0,"k":100},"w":{"a":0,"k":0.25},"lc":1,"lj":1,"ml":10,"bm":0,"nm":"Stroke 1","hd":false},{"ty":"fl","c":{"a":0,"k":[0.368627458811,0.729411780834,0.278431385756,1]},"o":{"a":0,"k":100},"r":1,"bm":0,"nm":"Fill 1","hd":false},{"ty":"tr","p":{"a":0,"k":[0,0]},"a":{"a":0,"k":[0,0]},"s":{"a":0,"k":[100,100]},"r":{"a":0,"k":0},"o":{"a":0,"k":100},"sk":{"a":0,"k":0},"sa":{"a":0,"k":0},"nm":"Transform"}],"nm":"Group 5","bm":0,"hd":false}],"ip":0,"op":500,"st":0,"bm":0},{"ddd":0,"ind":4,"ty":4,"nm":"Leg BR","parent":1,"sr":1,"ks":{"r":{"a":1,"k":[{"i":{"x":[0.833],"y":[1]},"o":{"x":[0.167],"y":[0]},"t":6.667,"s":[0]},{"i":{"x":[0.667],"y":[1]},"o":{"x":[0.333],"y":[0]},"t":10.666,"s":[0]},{"i":{"x":[0.667],"y":[1]},"o":{"x":[0.333],"y":[0]},"t":16,"s":[5.4]},{"i":{"x":[0.667],"y":[1]},"o":{"x":[0.333],"y":[0]},"t":21.334,"s":[-38.9]},{"t":26.666015625,"s":[0]}]},"p":{"a":1,"k":[{"i":{"x":0.667,"y":1},"o":{"x":0.333,"y":0},"t":6.667,"s":[-20.635,8.252,0],"to":[0,0.167,0],"ti":[0,-0.167,0]},{"t":10.666015625,"s":[-20.635,9.252,0]}]},"a":{"a":0,"k":[-20.635,8.252,0]}},"ao":0,"shapes":[{"ty":"gr","it":[{"ty":"gr","it":[{"ind":0,"ty":"sh","ks":{"a":0,"k":{"i":[[0.213,-2.551],[-1.625,-0.629],[1.992,1.492]],"o":[[0,0],[1.625,0.629],[-1.6,-1.198]],"v":[[-35.451,13.15],[-31.941,15.754],[-30.945,11.176]],"c":true}},"nm":"Path 1","hd":false},{"ty":"fl","c":{"a":0,"k":[0.878431379795,0.89411765337,0.337254911661,1]},"o":{"a":0,"k":100},"r":1,"bm":0,"nm":"Fill 1","hd":false},{"ty":"tr","p":{"a":0,"k":[0,0]},"a":{"a":0,"k":[0,0]},"s":{"a":0,"k":[100,100]},"r":{"a":0,"k":0},"o":{"a":0,"k":100},"sk":{"a":0,"k":0},"sa":{"a":0,"k":0},"nm":"Transform"}],"nm":"Group 1","bm":0,"hd":false},{"ty":"tr","p":{"a":0,"k":[0,0]},"a":{"a":0,"k":[0,0]},"s":{"a":0,"k":[100,100]},"r":{"a":0,"k":0},"o":{"a":0,"k":100},"sk":{"a":0,"k":0},"sa":{"a":0,"k":0},"nm":"Transform"}],"nm":"Group 1","bm":0,"hd":false},{"ty":"gr","it":[{"ty":"gr","it":[{"ind":0,"ty":"sh","ks":{"a":0,"k":{"i":[[0,0],[0,0],[-3.635,1.678],[1.193,4.173],[0,0],[2.815,-3.824],[-0.228,-2.739]],"o":[[1.871,10.173],[0,0],[3.635,-1.678],[-0.682,-2.385],[0,0],[0,0],[0,0]],"v":[[-38.781,6.012],[-29.11,16.776],[-22.82,16.077],[-18.486,8.528],[-21.237,4.755],[-27.702,6.108],[-29.092,10.93]],"c":false}},"nm":"Path 1","hd":false},{"ty":"st","c":{"a":0,"k":[0.215686276555,0.341176480055,0.160784319043,1]},"o":{"a":0,"k":100},"w":{"a":0,"k":0.25},"lc":1,"lj":1,"ml":10,"bm":0,"nm":"Stroke 1","hd":false},{"ty":"fl","c":{"a":0,"k":[0.368627458811,0.729411780834,0.278431385756,1]},"o":{"a":0,"k":100},"r":1,"bm":0,"nm":"Fill 1","hd":false},{"ty":"tr","p":{"a":0,"k":[0,0]},"a":{"a":0,"k":[0,0]},"s":{"a":0,"k":[100,100]},"r":{"a":0,"k":0},"o":{"a":0,"k":100},"sk":{"a":0,"k":0},"sa":{"a":0,"k":0},"nm":"Transform"}],"nm":"Group 1","bm":0,"hd":false},{"ty":"tr","p":{"a":0,"k":[0,0]},"a":{"a":0,"k":[0,0]},"s":{"a":0,"k":[100,100]},"r":{"a":0,"k":0},"o":{"a":0,"k":100},"sk":{"a":0,"k":0},"sa":{"a":0,"k":0},"nm":"Transform"}],"nm":"Group 2","bm":0,"hd":false},{"ty":"gr","it":[{"ind":0,"ty":"sh","ks":{"a":0,"k":{"i":[[0.437,-0.183],[1.031,-3.809],[0,3.141],[0,0]],"o":[[0,0],[-1.031,3.809],[0,-2.621],[0,0]],"v":[[-26.524,3.96],[-29.739,7.839],[-28.935,9.622],[-26.611,5.191]],"c":true}},"nm":"Path 1","hd":false},{"ty":"fl","c":{"a":0,"k":[0.29411765933,0.666666686535,0.282352954149,1]},"o":{"a":0,"k":100},"r":1,"bm":0,"nm":"Fill 1","hd":false},{"ty":"tr","p":{"a":0,"k":[0,0]},"a":{"a":0,"k":[0,0]},"s":{"a":0,"k":[100,100]},"r":{"a":0,"k":0},"o":{"a":0,"k":100},"sk":{"a":0,"k":0},"sa":{"a":0,"k":0},"nm":"Transform"}],"nm":"Group 3","bm":0,"hd":false},{"ty":"gr","it":[{"ind":0,"ty":"sh","ks":{"a":0,"k":{"i":[[2.46,1.474],[-1.411,-1.844],[0,0]],"o":[[0,0],[0,0],[0,0]],"v":[[-20.876,5.281],[-16.739,6.108],[-18.138,9.691]],"c":true}},"nm":"Path 1","hd":false},{"ty":"fl","c":{"a":0,"k":[0.29411765933,0.666666686535,0.282352954149,1]},"o":{"a":0,"k":100},"r":1,"bm":0,"nm":"Fill 1","hd":false},{"ty":"tr","p":{"a":0,"k":[0,0]},"a":{"a":0,"k":[0,0]},"s":{"a":0,"k":[100,100]},"r":{"a":0,"k":0},"o":{"a":0,"k":100},"sk":{"a":0,"k":0},"sa":{"a":0,"k":0},"nm":"Transform"}],"nm":"Group 4","bm":0,"hd":false}],"ip":0,"op":500,"st":0,"bm":0},{"ddd":0,"ind":5,"ty":4,"nm":"Foot BR","parent":4,"sr":1,"ks":{"r":{"a":1,"k":[{"i":{"x":[0.833],"y":[1]},"o":{"x":[0.167],"y":[0]},"t":6.667,"s":[0]},{"i":{"x":[0.667],"y":[1]},"o":{"x":[0.333],"y":[0]},"t":10.666,"s":[0]},{"i":{"x":[0.667],"y":[1]},"o":{"x":[0.333],"y":[0]},"t":16,"s":[13]},{"i":{"x":[0.667],"y":[1]},"o":{"x":[0.333],"y":[0]},"t":21.334,"s":[52.9]},{"t":26.666015625,"s":[0]}]},"p":{"a":1,"k":[{"i":{"x":0.833,"y":1},"o":{"x":0.333,"y":0},"t":6.667,"s":[-33.091,5.719,0],"to":[0,1.417,0],"ti":[0.657,-1.904,0]},{"i":{"x":0.667,"y":1},"o":{"x":0.333,"y":0},"t":10.666,"s":[-33.091,14.219,0],"to":[-0.657,1.904,0],"ti":[0,1.417,0]},{"i":{"x":0.667,"y":1},"o":{"x":0.333,"y":0},"t":16,"s":[-37.033,17.14,0],"to":[0,-1.417,0],"ti":[0.657,-1.904,0]},{"t":26.666015625,"s":[-33.091,5.719,0]}]},"a":{"a":0,"k":[-33.091,5.719,0]}},"ao":0,"shapes":[{"ty":"gr","it":[{"ty":"gr","it":[{"ind":0,"ty":"sh","ks":{"a":0,"k":{"i":[[0,-0.355],[0.355,0],[0,0.355],[-0.355,0]],"o":[[0,0.355],[-0.355,0],[0,-0.355],[0.355,0]],"v":[[-42.073,6.894],[-42.716,7.538],[-43.359,6.894],[-42.716,6.251]],"c":true}},"nm":"Path 1","hd":false},{"ty":"fl","c":{"a":0,"k":[0.878431379795,0.89411765337,0.337254911661,1]},"o":{"a":0,"k":100},"r":1,"bm":0,"nm":"Fill 1","hd":false},{"ty":"tr","p":{"a":0,"k":[0,0]},"a":{"a":0,"k":[0,0]},"s":{"a":0,"k":[100,100]},"r":{"a":0,"k":0},"o":{"a":0,"k":100},"sk":{"a":0,"k":0},"sa":{"a":0,"k":0},"nm":"Transform"}],"nm":"Group 1","bm":0,"hd":false},{"ty":"gr","it":[{"ind":0,"ty":"sh","ks":{"a":0,"k":{"i":[[0,-1.085],[-1.085,0],[0,1.085],[1.085,0]],"o":[[0,1.085],[1.085,0],[0,-1.085],[-1.085,0]],"v":[[-46.645,13.227],[-44.68,15.191],[-42.716,13.227],[-44.68,11.263]],"c":true}},"nm":"Path 1","hd":false},{"ty":"fl","c":{"a":0,"k":[0.878431379795,0.89411765337,0.337254911661,1]},"o":{"a":0,"k":100},"r":1,"bm":0,"nm":"Fill 1","hd":false},{"ty":"tr","p":{"a":0,"k":[0,0]},"a":{"a":0,"k":[0,0]},"s":{"a":0,"k":[100,100]},"r":{"a":0,"k":0},"o":{"a":0,"k":100},"sk":{"a":0,"k":0},"sa":{"a":0,"k":0},"nm":"Transform"}],"nm":"Group 2","bm":0,"hd":false},{"ty":"gr","it":[{"ind":0,"ty":"sh","ks":{"a":0,"k":{"i":[[0,-0.695],[0.695,0],[0,0.695],[-0.695,0]],"o":[[0,0.695],[-0.695,0],[0,-0.695],[0.695,0]],"v":[[-31.155,1.6],[-32.413,2.858],[-33.671,1.6],[-32.413,0.342]],"c":true}},"nm":"Path 1","hd":false},{"ty":"fl","c":{"a":0,"k":[0.878431379795,0.89411765337,0.337254911661,1]},"o":{"a":0,"k":100},"r":1,"bm":0,"nm":"Fill 1","hd":false},{"ty":"tr","p":{"a":0,"k":[0,0]},"a":{"a":0,"k":[0,0]},"s":{"a":0,"k":[100,100]},"r":{"a":0,"k":0},"o":{"a":0,"k":100},"sk":{"a":0,"k":0},"sa":{"a":0,"k":0},"nm":"Transform"}],"nm":"Group 3","bm":0,"hd":false},{"ty":"tr","p":{"a":0,"k":[0,0]},"a":{"a":0,"k":[0,0]},"s":{"a":0,"k":[100,100]},"r":{"a":0,"k":0},"o":{"a":0,"k":100},"sk":{"a":0,"k":0},"sa":{"a":0,"k":0},"nm":"Transform"}],"nm":"Group 1","bm":0,"hd":false},{"ty":"gr","it":[{"ind":0,"ty":"sh","ks":{"a":0,"k":{"i":[[-0.874,3.408],[0.078,-1.991],[-2.499,-3.452],[-1.241,1.022],[0.172,0.909],[6.064,1.887]],"o":[[0,0],[-0.059,1.502],[2.5,3.454],[0,0],[-0.168,-0.884],[-6.064,-1.887]],"v":[[-46.463,8.467],[-47.966,15.562],[-46.214,24.941],[-35.454,27.331],[-35.591,25.05],[-42.758,25.155]],"c":true}},"nm":"Path 1","hd":false},{"ty":"fl","c":{"a":0,"k":[0.29411765933,0.666666686535,0.282352954149,1]},"o":{"a":0,"k":100},"r":1,"bm":0,"nm":"Fill 1","hd":false},{"ty":"tr","p":{"a":0,"k":[0,0]},"a":{"a":0,"k":[0,0]},"s":{"a":0,"k":[100,100]},"r":{"a":0,"k":0},"o":{"a":0,"k":100},"sk":{"a":0,"k":0},"sa":{"a":0,"k":0},"nm":"Transform"}],"nm":"Group 2","bm":0,"hd":false},{"ty":"gr","it":[{"ind":0,"ty":"sh","ks":{"a":0,"k":{"i":[[1.581,0.928],[-0.839,-1.835],[-1.311,-0.21],[-1.04,1.206],[0,0],[1.606,-0.062],[1.922,0.358],[0.175,0.9]],"o":[[0,0],[0,0],[1.311,0.21],[0,0],[0,0],[-1.127,0.044],[0,0],[-0.175,-0.9]],"v":[[-37.498,21.392],[-34.3,22.831],[-32.544,26.422],[-28.094,25.644],[-28.06,26.666],[-31.583,27.584],[-35.235,27.244],[-35.375,25.059]],"c":true}},"nm":"Path 1","hd":false},{"ty":"fl","c":{"a":0,"k":[0.29411765933,0.666666686535,0.282352954149,1]},"o":{"a":0,"k":100},"r":1,"bm":0,"nm":"Fill 1","hd":false},{"ty":"tr","p":{"a":0,"k":[0,0]},"a":{"a":0,"k":[0,0]},"s":{"a":0,"k":[100,100]},"r":{"a":0,"k":0},"o":{"a":0,"k":100},"sk":{"a":0,"k":0},"sa":{"a":0,"k":0},"nm":"Transform"}],"nm":"Group 3","bm":0,"hd":false},{"ty":"gr","it":[{"ty":"gr","it":[{"ind":0,"ty":"sh","ks":{"a":0,"k":{"i":[[0,0],[-0.809,-0.104]],"o":[[0,0],[0,0]],"v":[[-28.132,21.616],[-26.209,21.18]],"c":false}},"nm":"Path 1","hd":false},{"ty":"st","c":{"a":0,"k":[0.215686276555,0.341176480055,0.160784319043,1]},"o":{"a":0,"k":100},"w":{"a":0,"k":0.25},"lc":1,"lj":1,"ml":10,"bm":0,"nm":"Stroke 1","hd":false},{"ty":"fl","c":{"a":0,"k":[0.368627458811,0.729411780834,0.278431385756,1]},"o":{"a":0,"k":100},"r":1,"bm":0,"nm":"Fill 1","hd":false},{"ty":"tr","p":{"a":0,"k":[0,0]},"a":{"a":0,"k":[0,0]},"s":{"a":0,"k":[100,100]},"r":{"a":0,"k":0},"o":{"a":0,"k":100},"sk":{"a":0,"k":0},"sa":{"a":0,"k":0},"nm":"Transform"}],"nm":"Group 1","bm":0,"hd":false},{"ty":"gr","it":[{"ind":0,"ty":"sh","ks":{"a":0,"k":{"i":[[0,0],[0.139,-7.171]],"o":[[0,0],[0,0]],"v":[[-33.933,20.865],[-27.955,26.704]],"c":false}},"nm":"Path 1","hd":false},{"ty":"st","c":{"a":0,"k":[0.215686276555,0.341176480055,0.160784319043,1]},"o":{"a":0,"k":100},"w":{"a":0,"k":0.25},"lc":1,"lj":1,"ml":10,"bm":0,"nm":"Stroke 1","hd":false},{"ty":"fl","c":{"a":0,"k":[0.368627458811,0.729411780834,0.278431385756,1]},"o":{"a":0,"k":100},"r":1,"bm":0,"nm":"Fill 1","hd":false},{"ty":"tr","p":{"a":0,"k":[0,0]},"a":{"a":0,"k":[0,0]},"s":{"a":0,"k":[100,100]},"r":{"a":0,"k":0},"o":{"a":0,"k":100},"sk":{"a":0,"k":0},"sa":{"a":0,"k":0},"nm":"Transform"}],"nm":"Group 2","bm":0,"hd":false},{"ty":"gr","it":[{"ind":0,"ty":"sh","ks":{"a":0,"k":{"i":[[0,0],[0,0]],"o":[[0.175,-8.667],[0,0]],"v":[[-35.331,27.331],[-41.902,21.354]],"c":false}},"nm":"Path 1","hd":false},{"ty":"st","c":{"a":0,"k":[0.215686276555,0.341176480055,0.160784319043,1]},"o":{"a":0,"k":100},"w":{"a":0,"k":0.25},"lc":1,"lj":1,"ml":10,"bm":0,"nm":"Stroke 1","hd":false},{"ty":"fl","c":{"a":0,"k":[0.368627458811,0.729411780834,0.278431385756,1]},"o":{"a":0,"k":100},"r":1,"bm":0,"nm":"Fill 1","hd":false},{"ty":"tr","p":{"a":0,"k":[0,0]},"a":{"a":0,"k":[0,0]},"s":{"a":0,"k":[100,100]},"r":{"a":0,"k":0},"o":{"a":0,"k":100},"sk":{"a":0,"k":0},"sa":{"a":0,"k":0},"nm":"Transform"}],"nm":"Group 3","bm":0,"hd":false},{"ty":"gr","it":[{"ind":0,"ty":"sh","ks":{"a":0,"k":{"i":[[0,0],[1.048,0.979],[6.78,-4.404],[0.21,-3.076],[-5.592,-1.608],[0,0],[0,0],[0,0],[0,0],[0.542,1.059],[-0.326,1.2]],"o":[[1.118,-3.635],[-1.048,-0.979],[-6.78,4.404],[-0.21,3.076],[5.592,1.608],[4.264,1.048],[2.237,0.753],[0.349,-5.312],[-0.621,-0.329],[-0.567,-1.106],[0,0]],"v":[[-26.035,5.452],[-27.083,-4.124],[-38.896,-3.425],[-48.123,15.937],[-42.811,27.331],[-35.331,27.331],[-27.922,26.717],[-22.26,26.282],[-26.384,21.179],[-28.264,18.605],[-28.634,15.022]],"c":true}},"nm":"Path 1","hd":false},{"ty":"st","c":{"a":0,"k":[0.215686276555,0.341176480055,0.160784319043,1]},"o":{"a":0,"k":100},"w":{"a":0,"k":0.25},"lc":1,"lj":1,"ml":10,"bm":0,"nm":"Stroke 1","hd":false},{"ty":"fl","c":{"a":0,"k":[0.368627458811,0.729411780834,0.278431385756,1]},"o":{"a":0,"k":100},"r":1,"bm":0,"nm":"Fill 1","hd":false},{"ty":"tr","p":{"a":0,"k":[0,0]},"a":{"a":0,"k":[0,0]},"s":{"a":0,"k":[100,100]},"r":{"a":0,"k":0},"o":{"a":0,"k":100},"sk":{"a":0,"k":0},"sa":{"a":0,"k":0},"nm":"Transform"}],"nm":"Group 4","bm":0,"hd":false},{"ty":"tr","p":{"a":0,"k":[0,0]},"a":{"a":0,"k":[0,0]},"s":{"a":0,"k":[100,100]},"r":{"a":0,"k":0},"o":{"a":0,"k":100},"sk":{"a":0,"k":0},"sa":{"a":0,"k":0},"nm":"Transform"}],"nm":"Group 4","bm":0,"hd":false}],"ip":0,"op":500,"st":0,"bm":0},{"ddd":0,"ind":6,"ty":4,"nm":"Body","parent":1,"sr":1,"ks":{"r":{"a":1,"k":[{"i":{"x":[0.667],"y":[1]},"o":{"x":[0.333],"y":[0]},"t":6.667,"s":[0]},{"i":{"x":[0.667],"y":[1]},"o":{"x":[0.333],"y":[0]},"t":13.333,"s":[5.2]},{"t":26.666015625,"s":[0]}]},"p":{"a":1,"k":[{"i":{"x":0.667,"y":1},"o":{"x":0.333,"y":0},"t":0,"s":[-15.636,-9.065,0],"to":[0,0.583,0],"ti":[0,0,0]},{"i":{"x":0.667,"y":0.893},"o":{"x":0.333,"y":0},"t":4.667,"s":[-15.636,-5.565,0],"to":[0,0,0],"ti":[0,0,0]},{"i":{"x":0.667,"y":1},"o":{"x":0.333,"y":0.784},"t":8,"s":[-15.636,-10.041,0],"to":[0,0,0],"ti":[0,0,0]},{"i":{"x":0.667,"y":1},"o":{"x":0.333,"y":0},"t":13.333,"s":[-15.636,-9.065,0],"to":[0,0,0],"ti":[0,0,0]},{"i":{"x":0.667,"y":1},"o":{"x":0.333,"y":0},"t":24.666,"s":[-15.636,-5.565,0],"to":[0,0,0],"ti":[0,0.583,0]},{"t":30,"s":[-15.636,-9.065,0]}]},"a":{"a":0,"k":[-15.636,-9.065,0]},"s":{"a":1,"k":[{"i":{"x":[0.667,0.667,0.667],"y":[1,1,1]},"o":{"x":[0.333,0.333,0.333],"y":[0,0,0]},"t":0,"s":[100,100,100]},{"i":{"x":[0.667,0.667,0.667],"y":[1,1,1]},"o":{"x":[0.333,0.333,0.333],"y":[0,0,0]},"t":4.667,"s":[100,89.7,100]},{"i":{"x":[0.667,0.667,0.667],"y":[1,1,1]},"o":{"x":[0.333,0.333,0.333],"y":[0,0,0]},"t":13.333,"s":[83,100,100]},{"i":{"x":[0.667,0.667,0.667],"y":[1,1,1]},"o":{"x":[0.333,0.333,0.333],"y":[0,0,0]},"t":20,"s":[83,100,100]},{"i":{"x":[0.667,0.667,0.667],"y":[1,1,1]},"o":{"x":[0.333,0.333,0.333],"y":[0,0,0]},"t":24.666,"s":[100,89.7,100]},{"t":30,"s":[100,100,100]}]}},"ao":0,"shapes":[{"ty":"gr","it":[{"ty":"gr","it":[{"ty":"gr","it":[{"ind":0,"ty":"sh","ks":{"a":0,"k":{"i":[[0.065,0.23],[1.203,-0.162],[-0.201,-0.012],[-0.431,-0.728]],"o":[[-0.496,-1.759],[-0.271,0.037],[1.807,0.106],[0.19,0.321]],"v":[[23.598,-24.645],[20.353,-26.655],[20.242,-26.474],[23.463,-24.432]],"c":true}},"nm":"Path 1","hd":false},{"ty":"fl","c":{"a":0,"k":[0.976470589638,0.800000011921,0.819607853889,1]},"o":{"a":0,"k":100},"r":1,"bm":0,"nm":"Fill 1","hd":false},{"ty":"tr","p":{"a":0,"k":[0,0]},"a":{"a":0,"k":[0,0]},"s":{"a":0,"k":[100,100]},"r":{"a":0,"k":0},"o":{"a":0,"k":100},"sk":{"a":0,"k":0},"sa":{"a":0,"k":0},"nm":"Transform"}],"nm":"Group 1","bm":0,"hd":false},{"ty":"gr","it":[{"ind":0,"ty":"sh","ks":{"a":0,"k":{"i":[[0.171,0.244],[0.991,0.181],[-0.172,-0.065],[-0.525,-0.515]],"o":[[-0.607,-0.862],[-0.274,-0.05],[1.303,0.489],[0.242,0.237]],"v":[[18.883,-23.462],[16.393,-25.056],[16.084,-24.949],[18.95,-23.051]],"c":true}},"nm":"Path 1","hd":false},{"ty":"fl","c":{"a":0,"k":[0.976470589638,0.800000011921,0.819607853889,1]},"o":{"a":0,"k":100},"r":1,"bm":0,"nm":"Fill 1","hd":false},{"ty":"tr","p":{"a":0,"k":[0,0]},"a":{"a":0,"k":[0,0]},"s":{"a":0,"k":[100,100]},"r":{"a":0,"k":0},"o":{"a":0,"k":100},"sk":{"a":0,"k":0},"sa":{"a":0,"k":0},"nm":"Transform"}],"nm":"Group 2","bm":0,"hd":false},{"ty":"gr","it":[{"ind":0,"ty":"sh","ks":{"a":0,"k":{"i":[[-0.502,-0.857],[0.518,0.611],[1,0.42],[0,0]],"o":[[0,0],[-0.462,-0.545],[0,0],[1.571,0.659]],"v":[[19.46,-22.934],[18.882,-24.022],[16.76,-25.486],[16.706,-25.334]],"c":true}},"nm":"Path 1","hd":false},{"ty":"fl","c":{"a":0,"k":[0.46274510026,0.168627455831,0.168627455831,1]},"o":{"a":0,"k":100},"r":1,"bm":0,"nm":"Fill 1","hd":false},{"ty":"tr","p":{"a":0,"k":[0,0]},"a":{"a":0,"k":[0,0]},"s":{"a":0,"k":[100,100]},"r":{"a":0,"k":0},"o":{"a":0,"k":100},"sk":{"a":0,"k":0},"sa":{"a":0,"k":0},"nm":"Transform"}],"nm":"Group 3","bm":0,"hd":false},{"ty":"gr","it":[{"ind":0,"ty":"sh","ks":{"a":0,"k":{"i":[[0.115,1.181],[1.003,0.613],[1.222,-0.3],[0.448,-0.742],[0,0],[0,0],[1.218,-0.299],[-0.103,-1.018],[0,0],[-1.023,-0.589],[-2.894,0.71],[0,0],[-0.983,0.702],[0,0]],"o":[[-0.064,-0.658],[-1.052,-0.643],[-1.008,0.247],[0,0],[0,0],[-2.413,-0.918],[-2.319,0.569],[0,0],[1.457,1.233],[1.879,1.081],[0,0],[1.509,-0.37],[0,0],[0.876,-0.774]],"v":[[24.023,-24.197],[22.669,-26.381],[19.091,-26.92],[16.799,-25.364],[16.766,-25.311],[16.708,-25.333],[11.12,-25.789],[7.601,-22.77],[7.636,-22.74],[11.374,-19.852],[18.884,-19.267],[18.885,-19.267],[22.749,-20.929],[22.751,-20.931]],"c":true}},"nm":"Path 1","hd":false},{"ind":1,"ty":"sh","ks":{"a":0,"k":{"i":[[0,0],[1.913,1.101],[1.463,1.238],[0,0],[0,0],[-2.426,0.595],[-2.423,-0.908],[-1.022,0.251],[-1.086,-0.664],[-0.068,-0.697],[0.917,-0.806],[0,0],[0,0],[1.521,-0.373]],"o":[[-2.931,0.719],[-1.036,-0.596],[0,0],[0,0],[-0.143,-1.09],[1.228,-0.301],[0.477,-0.75],[1.26,-0.309],[1.061,0.649],[0.12,1.235],[0,0],[0,0],[-0.997,0.709],[0,0]],"v":[[18.923,-19.107],[11.302,-19.709],[7.54,-22.614],[7.455,-22.686],[7.45,-22.719],[11.08,-25.949],[16.7,-25.508],[19.052,-27.08],[22.744,-26.522],[24.178,-24.209],[22.846,-20.798],[22.831,-20.786],[22.827,-20.785],[18.924,-19.107]],"c":true}},"nm":"Path 2","hd":false},{"ty":"fl","c":{"a":0,"k":[0.596078455448,0.149019613862,0.180392161012,1]},"o":{"a":0,"k":100},"r":1,"bm":0,"nm":"Fill 1","hd":false},{"ty":"tr","p":{"a":0,"k":[0,0]},"a":{"a":0,"k":[0,0]},"s":{"a":0,"k":[100,100]},"r":{"a":0,"k":0},"o":{"a":0,"k":100},"sk":{"a":0,"k":0},"sa":{"a":0,"k":0},"nm":"Transform"}],"nm":"Group 4","bm":0,"hd":false},{"ty":"gr","it":[{"ind":0,"ty":"sh","ks":{"a":0,"k":{"i":[[4.748,0.664],[-0.807,2.569],[-2.239,-1.314],[-1.474,0.025],[-0.658,-0.402],[-0.224,-0.496]],"o":[[-2.382,-0.333],[0.735,-2.213],[0.083,-1.302],[0.717,0.056],[0.544,0.333],[1.009,2.839]],"v":[[15.57,-20.113],[10.786,-24.02],[17.861,-24.882],[20.608,-27.124],[22.707,-26.451],[23.844,-25.18]],"c":true}},"nm":"Path 1","hd":false},{"ty":"fl","c":{"a":0,"k":[0.913725495338,0.490196079016,0.521568655968,1]},"o":{"a":0,"k":100},"r":1,"bm":0,"nm":"Fill 1","hd":false},{"ty":"tr","p":{"a":0,"k":[0,0]},"a":{"a":0,"k":[0,0]},"s":{"a":0,"k":[100,100]},"r":{"a":0,"k":0},"o":{"a":0,"k":100},"sk":{"a":0,"k":0},"sa":{"a":0,"k":0},"nm":"Transform"}],"nm":"Group 5","bm":0,"hd":false},{"ty":"gr","it":[{"ind":0,"ty":"sh","ks":{"a":0,"k":{"i":[[-0.246,-1.873],[-1.044,-0.601],[-2.601,1.858],[0,0],[2.125,1.3],[1.023,-1.691]],"o":[[1.494,1.265],[3.378,1.944],[0,0],[1.504,-1.321],[-2.125,-1.298],[-5.3,-2.017]],"v":[[7.528,-22.728],[11.338,-19.78],[22.794,-20.861],[22.795,-20.862],[22.707,-26.451],[16.733,-25.41]],"c":true}},"nm":"Path 1","hd":false},{"ty":"fl","c":{"a":0,"k":[0.780392169952,0.352941185236,0.376470595598,1]},"o":{"a":0,"k":100},"r":1,"bm":0,"nm":"Fill 1","hd":false},{"ty":"tr","p":{"a":0,"k":[0,0]},"a":{"a":0,"k":[0,0]},"s":{"a":0,"k":[100,100]},"r":{"a":0,"k":0},"o":{"a":0,"k":100},"sk":{"a":0,"k":0},"sa":{"a":0,"k":0},"nm":"Transform"}],"nm":"Group 6","bm":0,"hd":false},{"ty":"gr","it":[{"ind":0,"ty":"sh","ks":{"a":0,"k":{"i":[[2.83,-3.245],[-1.131,1.505],[-3.184,3.102],[8.989,-1.092],[0.915,-0.152]],"o":[[3.181,-0.179],[1.764,-2.354],[0,0],[-0.723,0.088],[2.376,4.907]],"v":[[16.331,-18.798],[23.828,-21.828],[33.614,-33.765],[22.225,-32.912],[19.757,-32.493]],"c":true}},"nm":"Path 1","hd":false},{"ty":"fl","c":{"a":0,"k":[0.478431373835,0.074509806931,0.082352943718,1]},"o":{"a":0,"k":100},"r":1,"bm":0,"nm":"Fill 1","hd":false},{"ty":"tr","p":{"a":0,"k":[0,0]},"a":{"a":0,"k":[0,0]},"s":{"a":0,"k":[100,100]},"r":{"a":0,"k":0},"o":{"a":0,"k":100},"sk":{"a":0,"k":0},"sa":{"a":0,"k":0},"nm":"Transform"}],"nm":"Group 7","bm":0,"hd":false},{"ty":"gr","it":[{"ind":0,"ty":"sh","ks":{"a":0,"k":{"i":[[4.269,-1.874],[-2.963,-1.707],[-1.79,0.102],[-1.131,1.505],[-5.01,3.995],[2.138,0.251],[0.915,-0.152],[3.661,-1.046]],"o":[[13.618,0.677],[1.417,0.816],[3.181,-0.179],[1.764,-2.354],[0,0],[-0.724,-0.085],[-1.79,0.293],[-0.276,0.079]],"v":[[-7.762,-26.687],[11.338,-19.78],[16.331,-18.798],[23.828,-21.828],[28.585,-31.464],[22.198,-32.594],[19.757,-32.493],[10.994,-31.131]],"c":true}},"nm":"Path 1","hd":false},{"ty":"fl","c":{"a":0,"k":[0.298039227724,0.066666670144,0.066666670144,1]},"o":{"a":0,"k":100},"r":1,"bm":0,"nm":"Fill 1","hd":false},{"ty":"tr","p":{"a":0,"k":[0,0]},"a":{"a":0,"k":[0,0]},"s":{"a":0,"k":[100,100]},"r":{"a":0,"k":0},"o":{"a":0,"k":100},"sk":{"a":0,"k":0},"sa":{"a":0,"k":0},"nm":"Transform"}],"nm":"Group 8","bm":0,"hd":false},{"ty":"tr","p":{"a":0,"k":[0,0]},"a":{"a":0,"k":[0,0]},"s":{"a":0,"k":[100,100]},"r":{"a":0,"k":0},"o":{"a":0,"k":100},"sk":{"a":0,"k":0},"sa":{"a":0,"k":0},"nm":"Transform"}],"nm":"Group 1","bm":0,"hd":false},{"ty":"gr","it":[{"ty":"gr","it":[{"ind":0,"ty":"sh","ks":{"a":0,"k":{"i":[[0.358,-3.378],[-10.615,2.454],[-0.999,0.068],[0,0],[5.347,-0.708]],"o":[[0,0],[10.615,-2.454],[0.999,-0.068],[0,0],[-5.347,0.708]],"v":[[-11.83,-25.457],[4.598,-30.52],[32.852,-34.37],[35.345,-34.509],[16.331,-33.454]],"c":true}},"nm":"Path 1","hd":false},{"ty":"fl","c":{"a":0,"k":[0.29411765933,0.666666686535,0.282352954149,1]},"o":{"a":0,"k":100},"r":1,"bm":0,"nm":"Fill 1","hd":false},{"ty":"tr","p":{"a":0,"k":[0,0]},"a":{"a":0,"k":[0,0]},"s":{"a":0,"k":[100,100]},"r":{"a":0,"k":0},"o":{"a":0,"k":100},"sk":{"a":0,"k":0},"sa":{"a":0,"k":0},"nm":"Transform"}],"nm":"Group 2","bm":0,"hd":false},{"ty":"gr","it":[{"ind":0,"ty":"sh","ks":{"a":0,"k":{"i":[[-0.908,0.178],[-8.41,1.515],[-5.567,0.377],[-0.158,-2.056],[0.473,-1.136],[1.915,0.45],[4.769,-0.92],[10.317,-2.888],[0.075,-0.346]],"o":[[0,0],[8.41,-1.515],[5.567,-0.377],[0,0],[-0.473,1.136],[-1.915,-0.45],[-6.474,1.249],[0,0],[-0.201,0.93]],"v":[[-11.531,-25.532],[7.057,-30.201],[29.072,-33.371],[37.686,-32.585],[37.146,-29.917],[35.902,-32.988],[13.645,-30.377],[-10.93,-24.739],[-11.746,-23.951]],"c":true}},"nm":"Path 1","hd":false},{"ty":"fl","c":{"a":0,"k":[0.827450990677,0.866666674614,0.188235297799,1]},"o":{"a":0,"k":100},"r":1,"bm":0,"nm":"Fill 1","hd":false},{"ty":"tr","p":{"a":0,"k":[0,0]},"a":{"a":0,"k":[0,0]},"s":{"a":0,"k":[100,100]},"r":{"a":0,"k":0},"o":{"a":0,"k":100},"sk":{"a":0,"k":0},"sa":{"a":0,"k":0},"nm":"Transform"}],"nm":"Group 3","bm":0,"hd":false},{"ty":"gr","it":[{"ind":0,"ty":"sh","ks":{"a":0,"k":{"i":[[-1.82,1.621],[-0.131,-0.831]],"o":[[0,0],[0.257,1.636]],"v":[[-11.374,-27.238],[-11.938,-24.137]],"c":true}},"nm":"Path 1","hd":false},{"ty":"fl","c":{"a":0,"k":[0.298039227724,0.066666670144,0.066666670144,1]},"o":{"a":0,"k":100},"r":1,"bm":0,"nm":"Fill 1","hd":false},{"ty":"tr","p":{"a":0,"k":[0,0]},"a":{"a":0,"k":[0,0]},"s":{"a":0,"k":[100,100]},"r":{"a":0,"k":0},"o":{"a":0,"k":100},"sk":{"a":0,"k":0},"sa":{"a":0,"k":0},"nm":"Transform"}],"nm":"Group 4","bm":0,"hd":false},{"ty":"gr","it":[{"ind":0,"ty":"sh","ks":{"a":0,"k":{"i":[[1.042,-1.244],[-26.046,1.24],[-0.324,-1.613],[4.189,0],[14.886,-4.132]],"o":[[0,0],[0,0],[0,0],[-0.165,0],[0,0]],"v":[[-11.938,-25.354],[35.239,-33.778],[37.686,-32.585],[35.085,-34.512],[-0.471,-29.266]],"c":true}},"nm":"Path 1","hd":false},{"ty":"fl","c":{"a":0,"k":[0.298039227724,0.066666670144,0.066666670144,1]},"o":{"a":0,"k":100},"r":1,"bm":0,"nm":"Fill 1","hd":false},{"ty":"tr","p":{"a":0,"k":[0,0]},"a":{"a":0,"k":[0,0]},"s":{"a":0,"k":[100,100]},"r":{"a":0,"k":0},"o":{"a":0,"k":100},"sk":{"a":0,"k":0},"sa":{"a":0,"k":0},"nm":"Transform"}],"nm":"Group 5","bm":0,"hd":false},{"ty":"gr","it":[{"ind":0,"ty":"sh","ks":{"a":0,"k":{"i":[[-0.955,-0.592],[-6.003,-2.584],[-5.085,-1.075],[-1.651,1.573],[-1.045,1.494],[-3.257,-0.846],[-0.067,0.776],[1.998,0.099],[1.913,-0.077],[0,0],[0,0]],"o":[[0,0],[6.003,2.584],[5.085,1.075],[1.651,-1.573],[1.045,-1.494],[0,0],[0,0],[-1.998,-0.099],[-1.913,0.077],[0,0],[0,0]],"v":[[-11.088,-24.627],[1.19,-24.025],[12.593,-17.43],[23.497,-19.213],[28.585,-26.054],[36.596,-32.562],[37.67,-32.645],[36.236,-34.048],[33.169,-34.204],[14.721,-31.917],[-8.77,-26.687]],"c":true}},"nm":"Path 1","hd":false},{"ty":"fl","c":{"a":0,"k":[0.827450990677,0.866666674614,0.188235297799,1]},"o":{"a":0,"k":100},"r":1,"bm":0,"nm":"Fill 1","hd":false},{"ty":"tr","p":{"a":0,"k":[0,0]},"a":{"a":0,"k":[0,0]},"s":{"a":0,"k":[100,100]},"r":{"a":0,"k":0},"o":{"a":0,"k":100},"sk":{"a":0,"k":0},"sa":{"a":0,"k":0},"nm":"Transform"}],"nm":"Group 6","bm":0,"hd":false},{"ty":"gr","it":[{"ind":0,"ty":"sh","ks":{"a":0,"k":{"i":[[0.872,-4.76],[-0.681,-2.471],[-18.531,12.887],[-5.347,13.04],[-0.259,0.864],[0.462,0.637],[0,0],[7.467,-1.602],[2.49,-1.236],[-9.424,-1.606]],"o":[[0,0],[0,0],[0,0],[0,0],[0.259,-0.864],[0,0],[0,0],[-7.467,1.602],[-2.49,1.236],[9.094,1.55]],"v":[[-4.628,-0.29],[-4.74,6.36],[18.061,4.37],[33.653,-19.797],[37.179,-29.431],[37.583,-32.862],[34.976,-33.742],[7.965,-29.917],[-10.93,-24.739],[-8.77,-18.071]],"c":true}},"nm":"Path 1","hd":false},{"ty":"fl","c":{"a":0,"k":[0.937254905701,0.92549020052,0.498039215803,1]},"o":{"a":0,"k":100},"r":1,"bm":0,"nm":"Fill 1","hd":false},{"ty":"tr","p":{"a":0,"k":[0,0]},"a":{"a":0,"k":[0,0]},"s":{"a":0,"k":[100,100]},"r":{"a":0,"k":0},"o":{"a":0,"k":100},"sk":{"a":0,"k":0},"sa":{"a":0,"k":0},"nm":"Transform"}],"nm":"Group 7","bm":0,"hd":false},{"ty":"gr","it":[{"ind":0,"ty":"sh","ks":{"a":0,"k":{"i":[[-6.214,3.007],[-26.575,0.876],[-0.338,-1.996],[9.891,-11.596],[2.404,-0.858],[-3.355,3.889],[-1.284,2.925],[-0.81,2.149],[1.401,0.689]],"o":[[0,0],[0,0],[0.338,1.996],[-7.331,8.595],[-29.329,10.469],[3.174,-3.679],[3.381,-7.701],[0,0],[0,0]],"v":[[-10.158,-25.986],[35.239,-34.031],[37.981,-33.017],[22.597,-0.532],[6.545,12.728],[-6.863,3.022],[-2.784,-7.924],[-6.368,-20.861],[-14.369,-20.448]],"c":true}},"nm":"Path 1","hd":false},{"ty":"fl","c":{"a":0,"k":[0.796078443527,0.780392169952,0.196078434587,1]},"o":{"a":0,"k":100},"r":1,"bm":0,"nm":"Fill 1","hd":false},{"ty":"tr","p":{"a":0,"k":[0,0]},"a":{"a":0,"k":[0,0]},"s":{"a":0,"k":[100,100]},"r":{"a":0,"k":0},"o":{"a":0,"k":100},"sk":{"a":0,"k":0},"sa":{"a":0,"k":0},"nm":"Transform"}],"nm":"Group 8","bm":0,"hd":false},{"ty":"tr","p":{"a":0,"k":[-9.841,-21.914]},"a":{"a":0,"k":[-9.841,-21.914]},"s":{"a":0,"k":[100,100]},"r":{"a":0,"k":0},"o":{"a":0,"k":100},"sk":{"a":0,"k":0},"sa":{"a":0,"k":0},"nm":"Transform"}],"nm":"Group 2","bm":0,"hd":false},{"ty":"tr","p":{"a":0,"k":[0,0]},"a":{"a":0,"k":[0,0]},"s":{"a":0,"k":[100,100]},"r":{"a":0,"k":0},"o":{"a":0,"k":100},"sk":{"a":0,"k":0},"sa":{"a":0,"k":0},"nm":"Transform"}],"nm":"Lower Body","bm":0,"hd":false},{"ty":"gr","it":[{"ty":"gr","it":[{"ind":0,"ty":"sh","ks":{"a":1,"k":[{"i":{"x":0.667,"y":1},"o":{"x":0.167,"y":0.167},"t":30,"s":[{"i":[[0,-4.984],[4.984,0],[-0.113,-4.718],[-4.984,0]],"o":[[0.402,-4.156],[-4.984,0],[0,-4.984],[4.984,0]],"v":[[4.598,-40.032],[-4.425,-49.164],[-13.449,-40.032],[-4.425,-49.056]],"c":true}]},{"i":{"x":0.833,"y":0.833},"o":{"x":0.333,"y":0},"t":35,"s":[{"i":[[0,-4.984],[4.984,0],[0,4.984],[-4.984,0]],"o":[[0,4.984],[-4.984,0],[0,-4.984],[4.984,0]],"v":[[4.598,-40.032],[-4.425,-31.008],[-13.449,-40.032],[-4.425,-49.056]],"c":true}]},{"t":40,"s":[{"i":[[0,-4.984],[4.984,0],[-0.113,-4.718],[-4.984,0]],"o":[[0.402,-4.156],[-4.984,0],[0,-4.984],[4.984,0]],"v":[[4.598,-40.032],[-4.425,-49.164],[-13.449,-40.032],[-4.425,-49.056]],"c":true}]}]},"nm":"Path 1","hd":false},{"ty":"st","c":{"a":0,"k":[0.262745112181,0.254901975393,0.098039217293,1]},"o":{"a":0,"k":100},"w":{"a":0,"k":0.2},"lc":1,"lj":1,"ml":10,"bm":0,"nm":"Stroke 1","hd":false},{"ty":"fl","c":{"a":0,"k":[0.29411765933,0.666666686535,0.282352954149,1]},"o":{"a":0,"k":100},"r":1,"bm":0,"nm":"Fill 1","hd":false},{"ty":"tr","p":{"a":0,"k":[0,0]},"a":{"a":0,"k":[0,0]},"s":{"a":0,"k":[100,100]},"r":{"a":0,"k":0},"o":{"a":0,"k":100},"sk":{"a":0,"k":0},"sa":{"a":0,"k":0},"nm":"Transform"}],"nm":"Group 1","bm":0,"hd":false},{"ty":"gr","it":[{"ind":0,"ty":"sh","ks":{"a":1,"k":[{"i":{"x":0.667,"y":1},"o":{"x":0.167,"y":0.167},"t":30,"s":[{"i":[[0,-4.984],[4.984,0],[0.002,-5.078],[-4.984,0]],"o":[[-0.233,-5.266],[-4.984,0],[0,-4.984],[4.984,0]],"v":[[36.108,-44.234],[27.085,-53.273],[18.061,-44.234],[27.085,-53.258]],"c":true}]},{"i":{"x":0.833,"y":0.833},"o":{"x":0.333,"y":0},"t":35,"s":[{"i":[[0,-4.984],[4.984,0],[0,4.984],[-4.984,0]],"o":[[0,4.984],[-4.984,0],[0,-4.984],[4.984,0]],"v":[[36.108,-44.234],[27.085,-35.21],[18.061,-44.234],[27.085,-53.258]],"c":true}]},{"t":40,"s":[{"i":[[0,-4.984],[4.984,0],[0.002,-5.078],[-4.984,0]],"o":[[-0.233,-5.266],[-4.984,0],[0,-4.984],[4.984,0]],"v":[[36.108,-44.234],[27.085,-53.273],[18.061,-44.234],[27.085,-53.258]],"c":true}]}]},"nm":"Path 1","hd":false},{"ty":"st","c":{"a":0,"k":[0.262745112181,0.254901975393,0.098039217293,1]},"o":{"a":0,"k":100},"w":{"a":0,"k":0.2},"lc":1,"lj":1,"ml":10,"bm":0,"nm":"Stroke 1","hd":false},{"ty":"fl","c":{"a":0,"k":[0.29411765933,0.666666686535,0.282352954149,1]},"o":{"a":0,"k":100},"r":1,"bm":0,"nm":"Fill 1","hd":false},{"ty":"tr","p":{"a":0,"k":[0,0]},"a":{"a":0,"k":[0,0]},"s":{"a":0,"k":[100,100]},"r":{"a":0,"k":0},"o":{"a":0,"k":100},"sk":{"a":0,"k":0},"sa":{"a":0,"k":0},"nm":"Transform"}],"nm":"Group 2","bm":0,"hd":false},{"ty":"gr","it":[{"ty":"gr","it":[{"ty":"gr","it":[{"ind":0,"ty":"sh","ks":{"a":0,"k":{"i":[[-0.674,-0.24],[0.24,-0.674],[0.674,0.24],[-0.24,0.674]],"o":[[0.674,0.24],[-0.24,0.674],[-0.674,-0.24],[0.24,-0.674]],"v":[[-5.489,-42.058],[-4.703,-40.404],[-6.357,-39.617],[-7.143,-41.272]],"c":true}},"nm":"Path 1","hd":false},{"ty":"fl","c":{"a":0,"k":[1,1,1,1]},"o":{"a":0,"k":100},"r":1,"bm":0,"nm":"Fill 1","hd":false},{"ty":"tr","p":{"a":0,"k":[0,0]},"a":{"a":0,"k":[0,0]},"s":{"a":0,"k":[100,100]},"r":{"a":0,"k":0},"o":{"a":0,"k":100},"sk":{"a":0,"k":0},"sa":{"a":0,"k":0},"nm":"Transform"}],"nm":"Group 1","bm":0,"hd":false},{"ty":"gr","it":[{"ind":0,"ty":"sh","ks":{"a":0,"k":{"i":[[-2.584,-0.919],[0.919,-2.584],[2.584,0.919],[-0.919,2.584]],"o":[[2.584,0.919],[-0.919,2.584],[-2.584,-0.919],[0.919,-2.584]],"v":[[1.211,-44.598],[4.226,-38.255],[-2.117,-35.24],[-5.132,-41.583]],"c":true}},"nm":"Path 1","hd":false},{"ty":"fl","c":{"a":0,"k":[0,0,0,1]},"o":{"a":0,"k":100},"r":1,"bm":0,"nm":"Fill 1","hd":false},{"ty":"tr","p":{"a":0,"k":[0,0]},"a":{"a":0,"k":[0,0]},"s":{"a":0,"k":[100,100]},"r":{"a":0,"k":0},"o":{"a":0,"k":100},"sk":{"a":0,"k":0},"sa":{"a":0,"k":0},"nm":"Transform"}],"nm":"Group 2","bm":0,"hd":false},{"ty":"gr","it":[{"ind":0,"ty":"sh","ks":{"a":0,"k":{"i":[[-2.807,-0.889],[0.987,-2.774],[2.774,0.987],[-0.987,2.774]],"o":[[3.375,1.069],[-0.987,2.774],[-2.774,-0.987],[0.987,-2.774]],"v":[[1.06,-44.954],[3.931,-37.81],[-2.662,-34.799],[-5.899,-41.609]],"c":true}},"nm":"Path 1","hd":false},{"ty":"fl","c":{"a":0,"k":[0.878431379795,0.454901963472,0.145098045468,1]},"o":{"a":0,"k":100},"r":1,"bm":0,"nm":"Fill 1","hd":false},{"ty":"tr","p":{"a":0,"k":[0,0]},"a":{"a":0,"k":[0,0]},"s":{"a":0,"k":[100,100]},"r":{"a":0,"k":0},"o":{"a":0,"k":100},"sk":{"a":0,"k":0},"sa":{"a":0,"k":0},"nm":"Transform"}],"nm":"Group 3","bm":0,"hd":false},{"ty":"tr","p":{"a":0,"k":[0,0]},"a":{"a":0,"k":[0,0]},"s":{"a":0,"k":[100,100]},"r":{"a":0,"k":0},"o":{"a":0,"k":100},"sk":{"a":0,"k":0},"sa":{"a":0,"k":0},"nm":"Transform"}],"nm":"Group 1","bm":0,"hd":false},{"ty":"gr","it":[{"ty":"gr","it":[{"ind":0,"ty":"sh","ks":{"a":0,"k":{"i":[[-0.622,-0.353],[0.353,-0.622],[0.622,0.353],[-0.353,0.622]],"o":[[0.622,0.353],[-0.353,0.622],[-0.622,-0.353],[0.353,-0.622]],"v":[[26.505,-46.555],[26.991,-44.789],[25.226,-44.303],[24.739,-46.068]],"c":true}},"nm":"Path 1","hd":false},{"ty":"fl","c":{"a":0,"k":[1,1,1,1]},"o":{"a":0,"k":100},"r":1,"bm":0,"nm":"Fill 1","hd":false},{"ty":"tr","p":{"a":0,"k":[0,0]},"a":{"a":0,"k":[0,0]},"s":{"a":0,"k":[100,100]},"r":{"a":0,"k":0},"o":{"a":0,"k":100},"sk":{"a":0,"k":0},"sa":{"a":0,"k":0},"nm":"Transform"}],"nm":"Group 1","bm":0,"hd":false},{"ty":"gr","it":[{"ind":0,"ty":"sh","ks":{"a":0,"k":{"i":[[-2.385,-1.354],[1.354,-2.385],[2.385,1.354],[-1.354,2.385]],"o":[[2.385,1.354],[-1.354,2.385],[-2.385,-1.354],[1.354,-2.385]],"v":[[33.544,-47.891],[35.411,-41.121],[28.64,-39.254],[26.774,-46.025]],"c":true}},"nm":"Path 1","hd":false},{"ty":"fl","c":{"a":0,"k":[0,0,0,1]},"o":{"a":0,"k":100},"r":1,"bm":0,"nm":"Fill 1","hd":false},{"ty":"tr","p":{"a":0,"k":[0,0]},"a":{"a":0,"k":[0,0]},"s":{"a":0,"k":[100,100]},"r":{"a":0,"k":0},"o":{"a":0,"k":100},"sk":{"a":0,"k":0},"sa":{"a":0,"k":0},"nm":"Transform"}],"nm":"Group 2","bm":0,"hd":false},{"ty":"gr","it":[{"ind":0,"ty":"sh","ks":{"a":0,"k":{"i":[[-2.61,-1.364],[1.454,-2.561],[2.561,1.454],[-1.454,2.561]],"o":[[3.138,1.639],[-1.454,2.561],[-2.561,-1.454],[1.454,-2.561]],"v":[[33.458,-48.269],[35.043,-40.734],[28.027,-38.915],[26.023,-46.184]],"c":true}},"nm":"Path 1","hd":false},{"ty":"fl","c":{"a":0,"k":[0.878431379795,0.454901963472,0.145098045468,1]},"o":{"a":0,"k":100},"r":1,"bm":0,"nm":"Fill 1","hd":false},{"ty":"tr","p":{"a":0,"k":[0,0]},"a":{"a":0,"k":[0,0]},"s":{"a":0,"k":[100,100]},"r":{"a":0,"k":0},"o":{"a":0,"k":100},"sk":{"a":0,"k":0},"sa":{"a":0,"k":0},"nm":"Transform"}],"nm":"Group 3","bm":0,"hd":false},{"ty":"tr","p":{"a":0,"k":[0,0]},"a":{"a":0,"k":[0,0]},"s":{"a":0,"k":[100,100]},"r":{"a":0,"k":0},"o":{"a":0,"k":100},"sk":{"a":0,"k":0},"sa":{"a":0,"k":0},"nm":"Transform"}],"nm":"Group 2","bm":0,"hd":false},{"ty":"gr","it":[{"ind":0,"ty":"sh","ks":{"a":0,"k":{"i":[[0,-4.984],[4.984,0],[0,4.984],[-4.984,0]],"o":[[0,4.984],[-4.984,0],[0,-4.984],[4.984,0]],"v":[[36.108,-44.228],[27.085,-35.204],[18.061,-44.228],[27.085,-53.252]],"c":true}},"nm":"Path 1","hd":false},{"ty":"st","c":{"a":0,"k":[0.262745112181,0.254901975393,0.098039217293,1]},"o":{"a":0,"k":100},"w":{"a":0,"k":0.5},"lc":1,"lj":1,"ml":10,"bm":0,"nm":"Stroke 1","hd":false},{"ty":"fl","c":{"a":0,"k":[1,0.984313726425,0.901960790157,1]},"o":{"a":0,"k":100},"r":1,"bm":0,"nm":"Fill 1","hd":false},{"ty":"tr","p":{"a":0,"k":[0,0]},"a":{"a":0,"k":[0,0]},"s":{"a":0,"k":[100,100]},"r":{"a":0,"k":0},"o":{"a":0,"k":100},"sk":{"a":0,"k":0},"sa":{"a":0,"k":0},"nm":"Transform"}],"nm":"Group 3","bm":0,"hd":false},{"ty":"gr","it":[{"ind":0,"ty":"sh","ks":{"a":0,"k":{"i":[[0,0],[3.844,-2.761],[-1.481,-3.588],[-4.194,-0.157],[-1.008,2.158]],"o":[[0,0],[-3.844,2.761],[1.481,3.588],[4.194,0.157],[1.008,-2.158]],"v":[[28.585,-53.367],[20.613,-51.479],[17.477,-39.902],[26.301,-34.415],[34.654,-38.906]],"c":true}},"nm":"Path 1","hd":false},{"ty":"fl","c":{"a":0,"k":[0.29411765933,0.666666686535,0.282352954149,1]},"o":{"a":0,"k":100},"r":1,"bm":0,"nm":"Fill 1","hd":false},{"ty":"tr","p":{"a":0,"k":[0,0]},"a":{"a":0,"k":[0,0]},"s":{"a":0,"k":[100,100]},"r":{"a":0,"k":0},"o":{"a":0,"k":100},"sk":{"a":0,"k":0},"sa":{"a":0,"k":0},"nm":"Transform"}],"nm":"Group 4","bm":0,"hd":false},{"ty":"gr","it":[{"ty":"gr","it":[{"ty":"gr","it":[{"ind":0,"ty":"sh","ks":{"a":0,"k":{"i":[[0,-4.984],[4.984,0],[0,4.984],[-4.984,0]],"o":[[0,4.984],[-4.984,0],[0,-4.984],[4.984,0]],"v":[[4.598,-40.026],[-4.425,-31.002],[-13.449,-40.026],[-4.425,-49.049]],"c":true}},"nm":"Path 1","hd":false},{"ty":"st","c":{"a":0,"k":[0.262745112181,0.254901975393,0.098039217293,1]},"o":{"a":0,"k":100},"w":{"a":0,"k":0.5},"lc":1,"lj":1,"ml":10,"bm":0,"nm":"Stroke 1","hd":false},{"ty":"fl","c":{"a":0,"k":[1,0.984313726425,0.901960790157,1]},"o":{"a":0,"k":100},"r":1,"bm":0,"nm":"Fill 1","hd":false},{"ty":"tr","p":{"a":0,"k":[0,0]},"a":{"a":0,"k":[0,0]},"s":{"a":0,"k":[100,100]},"r":{"a":0,"k":0},"o":{"a":0,"k":100},"sk":{"a":0,"k":0},"sa":{"a":0,"k":0},"nm":"Transform"}],"nm":"Group 1","bm":0,"hd":false},{"ty":"tr","p":{"a":0,"k":[0,0]},"a":{"a":0,"k":[0,0]},"s":{"a":0,"k":[100,100]},"r":{"a":0,"k":0},"o":{"a":0,"k":100},"sk":{"a":0,"k":0},"sa":{"a":0,"k":0},"nm":"Transform"}],"nm":"Group 1","bm":0,"hd":false},{"ty":"gr","it":[{"ty":"fl","c":{"a":0,"k":[0.29411765933,0.666666686535,0.282352954149,1]},"o":{"a":0,"k":100},"r":1,"bm":0,"nm":"Fill 1","hd":false},{"ty":"tr","p":{"a":0,"k":[0,0]},"a":{"a":0,"k":[0,0]},"s":{"a":0,"k":[100,100]},"r":{"a":0,"k":0},"o":{"a":0,"k":100},"sk":{"a":0,"k":0},"sa":{"a":0,"k":0},"nm":"Transform"}],"nm":"Group 2","bm":0,"hd":false},{"ty":"tr","p":{"a":0,"k":[0,0]},"a":{"a":0,"k":[0,0]},"s":{"a":0,"k":[100,100]},"r":{"a":0,"k":0},"o":{"a":0,"k":100},"sk":{"a":0,"k":0},"sa":{"a":0,"k":0},"nm":"Transform"}],"nm":"Group 5","bm":0,"hd":false},{"ty":"tr","p":{"a":0,"k":[0,0]},"a":{"a":0,"k":[0,0]},"s":{"a":0,"k":[100,100]},"r":{"a":0,"k":0},"o":{"a":0,"k":100},"sk":{"a":0,"k":0},"sa":{"a":0,"k":0},"nm":"Transform"}],"nm":"Group 3","bm":0,"hd":false},{"ty":"gr","it":[{"ind":0,"ty":"sh","ks":{"a":0,"k":{"i":[[0,0],[0.203,-1.919]],"o":[[0,0],[0,0]],"v":[[15.893,-49.893],[14.41,-46.086]],"c":false}},"nm":"Path 1","hd":false},{"ty":"st","c":{"a":0,"k":[0.215686276555,0.341176480055,0.160784319043,1]},"o":{"a":0,"k":100},"w":{"a":0,"k":0.5},"lc":1,"lj":1,"ml":10,"bm":0,"nm":"Stroke 1","hd":false},{"ty":"fl","c":{"a":0,"k":[0.368627458811,0.729411780834,0.278431385756,1]},"o":{"a":0,"k":100},"r":1,"bm":0,"nm":"Fill 1","hd":false},{"ty":"tr","p":{"a":0,"k":[0,0]},"a":{"a":0,"k":[0,0]},"s":{"a":0,"k":[100,100]},"r":{"a":0,"k":0},"o":{"a":0,"k":100},"sk":{"a":0,"k":0},"sa":{"a":0,"k":0},"nm":"Transform"}],"nm":"Group 4","bm":0,"hd":false},{"ty":"gr","it":[{"ind":0,"ty":"sh","ks":{"a":0,"k":{"i":[[0,0],[-0.744,-1.689]],"o":[[0,0],[0,0]],"v":[[3.243,-49.068],[5.661,-45.376]],"c":false}},"nm":"Path 1","hd":false},{"ty":"st","c":{"a":0,"k":[0.215686276555,0.341176480055,0.160784319043,1]},"o":{"a":0,"k":100},"w":{"a":0,"k":0.5},"lc":1,"lj":1,"ml":10,"bm":0,"nm":"Stroke 1","hd":false},{"ty":"fl","c":{"a":0,"k":[0.368627458811,0.729411780834,0.278431385756,1]},"o":{"a":0,"k":100},"r":1,"bm":0,"nm":"Fill 1","hd":false},{"ty":"tr","p":{"a":0,"k":[0,0]},"a":{"a":0,"k":[0,0]},"s":{"a":0,"k":[100,100]},"r":{"a":0,"k":0},"o":{"a":0,"k":100},"sk":{"a":0,"k":0},"sa":{"a":0,"k":0},"nm":"Transform"}],"nm":"Group 5","bm":0,"hd":false},{"ty":"gr","it":[{"ind":0,"ty":"sh","ks":{"a":0,"k":{"i":[[0,0],[0,0],[6.8,3.522],[0,0],[0,0],[7.723,-2.175],[0,0],[0,0]],"o":[[2.282,-3.042],[0,0],[-8.507,-4.405],[-7.248,-1.504],[0,0],[-10.403,2.93],[0,0],[0,0]],"v":[[36.05,-34.696],[35.604,-40.236],[30.477,-52.961],[15.893,-49.893],[3.529,-48.713],[-8.399,-52.435],[-14.325,-31.996],[-13.278,-27.722]],"c":false}},"nm":"Path 1","hd":false},{"ty":"st","c":{"a":0,"k":[0.215686276555,0.341176480055,0.160784319043,1]},"o":{"a":0,"k":100},"w":{"a":0,"k":0.5},"lc":1,"lj":1,"ml":10,"bm":0,"nm":"Stroke 1","hd":false},{"ty":"fl","c":{"a":0,"k":[0.368627458811,0.729411780834,0.278431385756,1]},"o":{"a":0,"k":100},"r":1,"bm":0,"nm":"Fill 1","hd":false},{"ty":"tr","p":{"a":0,"k":[0,0]},"a":{"a":0,"k":[0,0]},"s":{"a":0,"k":[100,100]},"r":{"a":0,"k":0},"o":{"a":0,"k":100},"sk":{"a":0,"k":0},"sa":{"a":0,"k":0},"nm":"Transform"}],"nm":"Group 6","bm":0,"hd":false},{"ty":"tr","p":{"a":0,"k":[26,-30.5]},"a":{"a":0,"k":[26,-30.5]},"s":{"a":0,"k":[100,100]},"r":{"a":1,"k":[{"i":{"x":[0.667],"y":[1]},"o":{"x":[0.333],"y":[0]},"t":6.667,"s":[0]},{"i":{"x":[0.659],"y":[0.921]},"o":{"x":[0.297],"y":[0]},"t":13.333,"s":[2.8]},{"i":{"x":[0.815],"y":[1.061]},"o":{"x":[0.425],"y":[-0.164]},"t":20,"s":[-4.216]},{"t":26.666015625,"s":[0]}]},"o":{"a":0,"k":100},"sk":{"a":0,"k":0},"sa":{"a":0,"k":0},"nm":"Transform"}],"nm":"Head","bm":0,"hd":false},{"ty":"gr","it":[{"ty":"gr","it":[{"ind":0,"ty":"sh","ks":{"a":0,"k":{"i":[[7.239,-10.304],[0.536,-1.559],[0.101,-1.777],[4.536,-8.392],[-20.267,9.706],[0.674,1.549],[0,0],[0,0],[2.886,1.37]],"o":[[-0.495,0.705],[-0.578,1.683],[-0.382,6.733],[-5.284,9.776],[21.505,-10.299],[-0.674,-1.549],[2.285,-3.04],[0,0],[-2.886,-1.37]],"v":[[-11.618,-39.169],[-13.293,-35.22],[-14.276,-30.003],[-23.476,2.319],[7.798,12.23],[38.176,-33.742],[35.239,-34.031],[35.617,-40.177],[31.361,-45.006]],"c":true}},"nm":"Path 1","hd":false},{"ty":"st","c":{"a":0,"k":[0.215686276555,0.341176480055,0.160784319043,1]},"o":{"a":0,"k":100},"w":{"a":0,"k":0.5},"lc":1,"lj":1,"ml":10,"bm":0,"nm":"Stroke 1","hd":false},{"ty":"fl","c":{"a":0,"k":[0.368627458811,0.729411780834,0.278431385756,1]},"o":{"a":0,"k":100},"r":1,"bm":0,"nm":"Fill 1","hd":false},{"ty":"tr","p":{"a":0,"k":[0,0]},"a":{"a":0,"k":[0,0]},"s":{"a":0,"k":[100,100]},"r":{"a":0,"k":0},"o":{"a":0,"k":100},"sk":{"a":0,"k":0},"sa":{"a":0,"k":0},"nm":"Transform"}],"nm":"Group 1","bm":0,"hd":false},{"ty":"tr","p":{"a":0,"k":[0,0]},"a":{"a":0,"k":[0,0]},"s":{"a":0,"k":[100,100]},"r":{"a":0,"k":0},"o":{"a":0,"k":100},"sk":{"a":0,"k":0},"sa":{"a":0,"k":0},"nm":"Transform"}],"nm":"Body","bm":0,"hd":false}],"ip":0,"op":500,"st":0,"bm":0},{"ddd":0,"ind":7,"ty":4,"nm":"Foot FL","parent":8,"sr":1,"ks":{"r":{"a":1,"k":[{"i":{"x":[0.667],"y":[1]},"o":{"x":[0.333],"y":[0]},"t":6.667,"s":[0]},{"i":{"x":[0.667],"y":[1]},"o":{"x":[0.333],"y":[0]},"t":13.333,"s":[2.3]},{"i":{"x":[0.667],"y":[1]},"o":{"x":[0.333],"y":[0]},"t":20,"s":[-16.35]},{"t":26.666015625,"s":[0]}]},"p":{"a":1,"k":[{"i":{"x":0.667,"y":1},"o":{"x":0.333,"y":0},"t":6.667,"s":[33.012,11.151,0],"to":[0.101,1.182,0],"ti":[0,0,0]},{"i":{"x":0.667,"y":1},"o":{"x":0.333,"y":0},"t":13.333,"s":[33.615,18.24,0],"to":[0,0,0],"ti":[0.101,1.182,0]},{"t":26.666015625,"s":[33.012,11.151,0]}]},"a":{"a":0,"k":[33.012,11.151,0]},"s":{"a":1,"k":[{"i":{"x":[0.667,0.667,0.667],"y":[1,1,1]},"o":{"x":[0.333,0.333,0.333],"y":[0,0,0]},"t":6.667,"s":[100,100,100]},{"i":{"x":[0.667,0.667,0.667],"y":[1,1,1]},"o":{"x":[0.333,0.333,0.333],"y":[0,0,0]},"t":13.333,"s":[72,131,100]},{"i":{"x":[0.667,0.667,0.667],"y":[1,1,1]},"o":{"x":[0.333,0.333,0.333],"y":[0,0,0]},"t":20,"s":[62.6,115.5,100]},{"t":26.666015625,"s":[100,100,100]}]}},"ao":0,"shapes":[{"ty":"gr","it":[{"ty":"gr","it":[{"ind":0,"ty":"sh","ks":{"a":0,"k":{"i":[[0.515,2.433],[-0.464,-2.175],[0,0]],"o":[[0,0],[0.464,2.175],[0,0]],"v":[[33.599,10.749],[32.225,13.604],[34.076,16.015]],"c":true}},"nm":"Path 1","hd":false},{"ty":"fl","c":{"a":0,"k":[0.878431379795,0.89411765337,0.337254911661,1]},"o":{"a":0,"k":100},"r":1,"bm":0,"nm":"Fill 1","hd":false},{"ty":"tr","p":{"a":0,"k":[0,0]},"a":{"a":0,"k":[0,0]},"s":{"a":0,"k":[100,100]},"r":{"a":0,"k":0},"o":{"a":0,"k":100},"sk":{"a":0,"k":0},"sa":{"a":0,"k":0},"nm":"Transform"}],"nm":"Group 1","bm":0,"hd":false},{"ty":"gr","it":[{"ind":0,"ty":"sh","ks":{"a":0,"k":{"i":[[-0.021,-0.308],[0.308,-0.021],[0.021,0.308],[-0.308,0.021]],"o":[[0.021,0.308],[-0.308,0.021],[-0.021,-0.308],[0.308,-0.021]],"v":[[25.187,17.963],[24.668,18.559],[24.072,18.04],[24.591,17.443]],"c":true}},"nm":"Path 1","hd":false},{"ty":"fl","c":{"a":0,"k":[0.878431379795,0.89411765337,0.337254911661,1]},"o":{"a":0,"k":100},"r":1,"bm":0,"nm":"Fill 1","hd":false},{"ty":"tr","p":{"a":0,"k":[0,0]},"a":{"a":0,"k":[0,0]},"s":{"a":0,"k":[100,100]},"r":{"a":0,"k":0},"o":{"a":0,"k":100},"sk":{"a":0,"k":0},"sa":{"a":0,"k":0},"nm":"Transform"}],"nm":"Group 2","bm":0,"hd":false},{"ty":"gr","it":[{"ind":0,"ty":"sh","ks":{"a":0,"k":{"i":[[-0.044,-0.64],[0.64,-0.044],[0.044,0.64],[-0.64,0.044]],"o":[[0.044,0.64],[-0.64,0.044],[-0.044,-0.64],[0.64,-0.044]],"v":[[25.672,11.746],[24.593,12.985],[23.354,11.906],[24.433,10.667]],"c":true}},"nm":"Path 1","hd":false},{"ty":"fl","c":{"a":0,"k":[0.878431379795,0.89411765337,0.337254911661,1]},"o":{"a":0,"k":100},"r":1,"bm":0,"nm":"Fill 1","hd":false},{"ty":"tr","p":{"a":0,"k":[0,0]},"a":{"a":0,"k":[0,0]},"s":{"a":0,"k":[100,100]},"r":{"a":0,"k":0},"o":{"a":0,"k":100},"sk":{"a":0,"k":0},"sa":{"a":0,"k":0},"nm":"Transform"}],"nm":"Group 3","bm":0,"hd":false},{"ty":"gr","it":[{"ind":0,"ty":"sh","ks":{"a":0,"k":{"i":[[0.493,-0.036],[0.823,-2.916],[-0.682,2.675]],"o":[[0,0],[-0.533,1.89],[0.682,-2.675]],"v":[[17.364,12.496],[14.953,17.121],[19.46,15.951]],"c":true}},"nm":"Path 1","hd":false},{"ty":"fl","c":{"a":0,"k":[0.878431379795,0.89411765337,0.337254911661,1]},"o":{"a":0,"k":100},"r":1,"bm":0,"nm":"Fill 1","hd":false},{"ty":"tr","p":{"a":0,"k":[0,0]},"a":{"a":0,"k":[0,0]},"s":{"a":0,"k":[100,100]},"r":{"a":0,"k":0},"o":{"a":0,"k":100},"sk":{"a":0,"k":0},"sa":{"a":0,"k":0},"nm":"Transform"}],"nm":"Group 4","bm":0,"hd":false},{"ty":"tr","p":{"a":0,"k":[0,0]},"a":{"a":0,"k":[0,0]},"s":{"a":0,"k":[100,100]},"r":{"a":0,"k":0},"o":{"a":0,"k":100},"sk":{"a":0,"k":0},"sa":{"a":0,"k":0},"nm":"Transform"}],"nm":"Group 1","bm":0,"hd":false},{"ty":"gr","it":[{"ind":0,"ty":"sh","ks":{"a":0,"k":{"i":[[0,0],[-2.791,0.267],[0,0],[-2.434,-0.039],[0.054,-0.915]],"o":[[0,0],[3.376,-0.323],[0,0],[2.876,0.046],[0,0]],"v":[[22.093,24.664],[24.283,20.337],[27.429,23.826],[30.02,20.465],[33.181,23.434]],"c":false}},"nm":"Path 1","hd":false},{"ty":"st","c":{"a":0,"k":[0.215686276555,0.341176480055,0.160784319043,1]},"o":{"a":0,"k":100},"w":{"a":0,"k":0.25},"lc":1,"lj":1,"ml":10,"bm":0,"nm":"Stroke 1","hd":false},{"ty":"tr","p":{"a":0,"k":[0,0]},"a":{"a":0,"k":[0,0]},"s":{"a":0,"k":[100,100]},"r":{"a":0,"k":0},"o":{"a":0,"k":100},"sk":{"a":0,"k":0},"sa":{"a":0,"k":0},"nm":"Transform"}],"nm":"Group 2","bm":0,"hd":false},{"ty":"gr","it":[{"ind":0,"ty":"sh","ks":{"a":0,"k":{"i":[[0,0],[2.464,0.302],[-0.878,-3.32]],"o":[[0,0],[-1.711,-0.21],[0,0]],"v":[[22.073,24.589],[19.809,20.604],[16.868,25.3]],"c":false}},"nm":"Path 1","hd":false},{"ty":"st","c":{"a":0,"k":[0.215686276555,0.341176480055,0.160784319043,1]},"o":{"a":0,"k":100},"w":{"a":0,"k":0.25},"lc":1,"lj":1,"ml":10,"bm":0,"nm":"Stroke 1","hd":false},{"ty":"tr","p":{"a":0,"k":[0,0]},"a":{"a":0,"k":[0,0]},"s":{"a":0,"k":[100,100]},"r":{"a":0,"k":0},"o":{"a":0,"k":100},"sk":{"a":0,"k":0},"sa":{"a":0,"k":0},"nm":"Transform"}],"nm":"Group 3","bm":0,"hd":false},{"ty":"gr","it":[{"ind":0,"ty":"sh","ks":{"a":0,"k":{"i":[[-0.66,0.785],[-4.555,0.999],[0.032,-0.329],[1.707,0.008],[0,0]],"o":[[0,0],[0,0],[0,0],[-1.542,-0.007],[0,0]],"v":[[28.303,21.454],[32.999,22.59],[33.074,23.381],[29.572,24.359],[27.533,23.756]],"c":true}},"nm":"Path 1","hd":false},{"ty":"fl","c":{"a":0,"k":[0.29411765933,0.666666686535,0.282352954149,1]},"o":{"a":0,"k":100},"r":1,"bm":0,"nm":"Fill 1","hd":false},{"ty":"tr","p":{"a":0,"k":[0,0]},"a":{"a":0,"k":[0,0]},"s":{"a":0,"k":[100,100]},"r":{"a":0,"k":0},"o":{"a":0,"k":100},"sk":{"a":0,"k":0},"sa":{"a":0,"k":0},"nm":"Transform"}],"nm":"Group 4","bm":0,"hd":false},{"ty":"gr","it":[{"ind":0,"ty":"sh","ks":{"a":0,"k":{"i":[[-0.935,1.173],[-4.202,1.171],[0.07,-0.187],[1.6,-0.172],[0,0]],"o":[[0,0],[0,0],[0,0],[-1.6,0.172],[0,0]],"v":[[22.837,21.169],[27.284,23.05],[27.345,23.832],[24.83,24.937],[22.182,24.586]],"c":true}},"nm":"Path 1","hd":false},{"ty":"fl","c":{"a":0,"k":[0.29411765933,0.666666686535,0.282352954149,1]},"o":{"a":0,"k":100},"r":1,"bm":0,"nm":"Fill 1","hd":false},{"ty":"tr","p":{"a":0,"k":[0,0]},"a":{"a":0,"k":[0,0]},"s":{"a":0,"k":[100,100]},"r":{"a":0,"k":0},"o":{"a":0,"k":100},"sk":{"a":0,"k":0},"sa":{"a":0,"k":0},"nm":"Transform"}],"nm":"Group 5","bm":0,"hd":false},{"ty":"gr","it":[{"ind":0,"ty":"sh","ks":{"a":0,"k":{"i":[[-1.465,1.604],[-3.968,0.625],[0.043,-0.226],[1.05,-0.007],[0,0]],"o":[[0,0],[0,0],[-0.043,0.226],[-1.05,0.007],[0,0]],"v":[[17.621,21.489],[21.92,23.669],[21.99,24.604],[18.712,25.534],[16.957,25.235]],"c":true}},"nm":"Path 1","hd":false},{"ty":"fl","c":{"a":0,"k":[0.29411765933,0.666666686535,0.282352954149,1]},"o":{"a":0,"k":100},"r":1,"bm":0,"nm":"Fill 1","hd":false},{"ty":"tr","p":{"a":0,"k":[0,0]},"a":{"a":0,"k":[0,0]},"s":{"a":0,"k":[100,100]},"r":{"a":0,"k":0},"o":{"a":0,"k":100},"sk":{"a":0,"k":0},"sa":{"a":0,"k":0},"nm":"Transform"}],"nm":"Group 6","bm":0,"hd":false},{"ty":"gr","it":[{"ind":0,"ty":"sh","ks":{"a":0,"k":{"i":[[1.472,1.711],[-1.794,-1.163],[-0.931,1.549]],"o":[[0,0],[0,0],[0,0]],"v":[[14.547,21.638],[16.737,25.086],[17.071,21.857]],"c":true}},"nm":"Path 1","hd":false},{"ty":"fl","c":{"a":0,"k":[0.29411765933,0.666666686535,0.282352954149,1]},"o":{"a":0,"k":100},"r":1,"bm":0,"nm":"Fill 1","hd":false},{"ty":"tr","p":{"a":0,"k":[0,0]},"a":{"a":0,"k":[0,0]},"s":{"a":0,"k":[100,100]},"r":{"a":0,"k":0},"o":{"a":0,"k":100},"sk":{"a":0,"k":0},"sa":{"a":0,"k":0},"nm":"Transform"}],"nm":"Group 7","bm":0,"hd":false},{"ty":"gr","it":[{"ind":0,"ty":"sh","ks":{"a":0,"k":{"i":[[-1.501,-8.249],[0,0],[2.124,1.633],[3.38,1.216],[2.242,0.965],[-1.574,5.613],[-2.12,0.831],[-3.893,-1.937]],"o":[[1.462,8.032],[0,0],[0,0],[0,0],[0,0],[1.545,-5.51],[0,0],[2.909,1.447]],"v":[[33.676,10.743],[33.181,23.434],[27.473,23.83],[22.093,24.664],[16.868,25.3],[14.691,17.647],[21.707,9.101],[29.641,9.383]],"c":false}},"nm":"Path 1","hd":false},{"ty":"st","c":{"a":0,"k":[0.215686276555,0.341176480055,0.160784319043,1]},"o":{"a":0,"k":100},"w":{"a":0,"k":0.25},"lc":1,"lj":1,"ml":10,"bm":0,"nm":"Stroke 1","hd":false},{"ty":"fl","c":{"a":0,"k":[0.368627458811,0.729411780834,0.278431385756,1]},"o":{"a":0,"k":100},"r":1,"bm":0,"nm":"Fill 1","hd":false},{"ty":"tr","p":{"a":0,"k":[0,0]},"a":{"a":0,"k":[0,0]},"s":{"a":0,"k":[100,100]},"r":{"a":0,"k":0},"o":{"a":0,"k":100},"sk":{"a":0,"k":0},"sa":{"a":0,"k":0},"nm":"Transform"}],"nm":"Group 8","bm":0,"hd":false}],"ip":0,"op":500,"st":0,"bm":0},{"ddd":0,"ind":8,"ty":4,"nm":"Leg FL","parent":1,"sr":1,"ks":{"r":{"a":1,"k":[{"i":{"x":[0.667],"y":[1]},"o":{"x":[0.333],"y":[0]},"t":6.667,"s":[0]},{"i":{"x":[0.667],"y":[1]},"o":{"x":[0.333],"y":[0]},"t":13.333,"s":[23.3]},{"i":{"x":[0.667],"y":[1]},"o":{"x":[0.333],"y":[0]},"t":20,"s":[-63.15]},{"t":26.666015625,"s":[0]}]},"p":{"a":1,"k":[{"i":{"x":0.833,"y":0.833},"o":{"x":0.167,"y":0.167},"t":6.667,"s":[21.976,-3.324,0],"to":[-0.722,-0.184,0],"ti":[0.722,0.184,0]},{"t":13.3330078125,"s":[17.641,-4.426,0]}]},"a":{"a":0,"k":[21.976,-3.324,0]}},"ao":0,"shapes":[{"ty":"gr","it":[{"ty":"gr","it":[{"ind":0,"ty":"sh","ks":{"a":0,"k":{"i":[[0,-0.647],[0.647,0],[0,0.647],[-0.647,0]],"o":[[0,0.647],[-0.647,0],[0,-0.647],[0.647,0]],"v":[[29.066,4.763],[27.894,5.936],[26.722,4.763],[27.894,3.591]],"c":true}},"nm":"Path 1","hd":false},{"ty":"fl","c":{"a":0,"k":[0.878431379795,0.89411765337,0.337254911661,1]},"o":{"a":0,"k":100},"r":1,"bm":0,"nm":"Fill 1","hd":false},{"ty":"tr","p":{"a":0,"k":[0,0]},"a":{"a":0,"k":[0,0]},"s":{"a":0,"k":[100,100]},"r":{"a":0,"k":0},"o":{"a":0,"k":100},"sk":{"a":0,"k":0},"sa":{"a":0,"k":0},"nm":"Transform"}],"nm":"Group 1","bm":0,"hd":false},{"ty":"gr","it":[{"ind":0,"ty":"sh","ks":{"a":0,"k":{"i":[[0,-0.374],[0.374,0],[0,0.374],[-0.374,0]],"o":[[0,0.374],[-0.374,0],[0,-0.374],[0.374,0]],"v":[[27.217,0.29],[26.541,0.967],[25.864,0.29],[26.541,-0.387]],"c":true}},"nm":"Path 1","hd":false},{"ty":"fl","c":{"a":0,"k":[0.878431379795,0.89411765337,0.337254911661,1]},"o":{"a":0,"k":100},"r":1,"bm":0,"nm":"Fill 1","hd":false},{"ty":"tr","p":{"a":0,"k":[0,0]},"a":{"a":0,"k":[0,0]},"s":{"a":0,"k":[100,100]},"r":{"a":0,"k":0},"o":{"a":0,"k":100},"sk":{"a":0,"k":0},"sa":{"a":0,"k":0},"nm":"Transform"}],"nm":"Group 2","bm":0,"hd":false},{"ty":"tr","p":{"a":0,"k":[0,0]},"a":{"a":0,"k":[0,0]},"s":{"a":0,"k":[100,100]},"r":{"a":0,"k":0},"o":{"a":0,"k":100},"sk":{"a":0,"k":0},"sa":{"a":0,"k":0},"nm":"Transform"}],"nm":"Group 1","bm":0,"hd":false},{"ty":"gr","it":[{"ind":0,"ty":"sh","ks":{"a":0,"k":{"i":[[0,0]],"o":[[0,0]],"v":[[26.431,23.724]],"c":false}},"nm":"Path 1","hd":false},{"ty":"st","c":{"a":0,"k":[0.215686276555,0.341176480055,0.160784319043,1]},"o":{"a":0,"k":100},"w":{"a":0,"k":0.25},"lc":1,"lj":1,"ml":10,"bm":0,"nm":"Stroke 1","hd":false},{"ty":"tr","p":{"a":0,"k":[0,0]},"a":{"a":0,"k":[0,0]},"s":{"a":0,"k":[100,100]},"r":{"a":0,"k":0},"o":{"a":0,"k":100},"sk":{"a":0,"k":0},"sa":{"a":0,"k":0},"nm":"Transform"}],"nm":"Group 2","bm":0,"hd":false},{"ty":"gr","it":[{"ind":0,"ty":"sh","ks":{"a":0,"k":{"i":[[0.117,-0.909]],"o":[[0,0]],"v":[[32.197,23.73]],"c":false}},"nm":"Path 1","hd":false},{"ty":"st","c":{"a":0,"k":[0.215686276555,0.341176480055,0.160784319043,1]},"o":{"a":0,"k":100},"w":{"a":0,"k":0.25},"lc":1,"lj":1,"ml":10,"bm":0,"nm":"Stroke 1","hd":false},{"ty":"tr","p":{"a":0,"k":[0,0]},"a":{"a":0,"k":[0,0]},"s":{"a":0,"k":[100,100]},"r":{"a":0,"k":0},"o":{"a":0,"k":100},"sk":{"a":0,"k":0},"sa":{"a":0,"k":0},"nm":"Transform"}],"nm":"Group 3","bm":0,"hd":false},{"ty":"gr","it":[{"ind":0,"ty":"sh","ks":{"a":0,"k":{"i":[[0,0]],"o":[[0,0]],"v":[[21.741,8.638]],"c":false}},"nm":"Path 1","hd":false},{"ty":"st","c":{"a":0,"k":[0.215686276555,0.341176480055,0.160784319043,1]},"o":{"a":0,"k":100},"w":{"a":0,"k":0.25},"lc":1,"lj":1,"ml":10,"bm":0,"nm":"Stroke 1","hd":false},{"ty":"fl","c":{"a":0,"k":[0.368627458811,0.729411780834,0.278431385756,1]},"o":{"a":0,"k":100},"r":1,"bm":0,"nm":"Fill 1","hd":false},{"ty":"tr","p":{"a":0,"k":[0,0]},"a":{"a":0,"k":[0,0]},"s":{"a":0,"k":[100,100]},"r":{"a":0,"k":0},"o":{"a":0,"k":100},"sk":{"a":0,"k":0},"sa":{"a":0,"k":0},"nm":"Transform"}],"nm":"Group 4","bm":0,"hd":false},{"ty":"gr","it":[{"ind":0,"ty":"sh","ks":{"a":0,"k":{"i":[[0,0],[-0.071,-5.527],[0.929,-0.611],[0.044,2.248],[0.067,0.441],[0.814,2.148]],"o":[[0,0],[0.1,4.843],[0,0],[-0.032,-1.647],[0,0],[0,0]],"v":[[22.61,-1.052],[25.558,8.364],[22.477,16.739],[21.834,12.206],[21.831,8.514],[20.609,1.414]],"c":true}},"nm":"Path 1","hd":false},{"ty":"fl","c":{"a":0,"k":[0.29411765933,0.666666686535,0.282352954149,1]},"o":{"a":0,"k":100},"r":1,"bm":0,"nm":"Fill 1","hd":false},{"ty":"tr","p":{"a":0,"k":[0,0]},"a":{"a":0,"k":[0,0]},"s":{"a":0,"k":[100,100]},"r":{"a":0,"k":0},"o":{"a":0,"k":100},"sk":{"a":0,"k":0},"sa":{"a":0,"k":0},"nm":"Transform"}],"nm":"Group 5","bm":0,"hd":false},{"ty":"gr","it":[{"ind":0,"ty":"sh","ks":{"a":0,"k":{"i":[[-2.173,0.682],[2.17,2.072],[0,0],[-3.551,-7.596],[0,0]],"o":[[0,0],[0,0],[0,0],[3.551,7.596],[0,0]],"v":[[21.753,8.788],[19.176,-1.128],[23.615,-5.369],[32.197,5.974],[32.197,23.73]],"c":false}},"nm":"Path 1","hd":false},{"ty":"st","c":{"a":0,"k":[0.215686276555,0.341176480055,0.160784319043,1]},"o":{"a":0,"k":100},"w":{"a":0,"k":0.25},"lc":1,"lj":1,"ml":10,"bm":0,"nm":"Stroke 1","hd":false},{"ty":"fl","c":{"a":0,"k":[0.368627458811,0.729411780834,0.278431385756,1]},"o":{"a":0,"k":100},"r":1,"bm":0,"nm":"Fill 1","hd":false},{"ty":"tr","p":{"a":0,"k":[0,0]},"a":{"a":0,"k":[0,0]},"s":{"a":0,"k":[100,100]},"r":{"a":0,"k":0},"o":{"a":0,"k":100},"sk":{"a":0,"k":0},"sa":{"a":0,"k":0},"nm":"Transform"}],"nm":"Group 6","bm":0,"hd":false},{"ty":"gr","it":[{"ind":0,"ty":"sh","ks":{"a":0,"k":{"i":[[0,0],[-0.508,20.044]],"o":[[0,0],[0.058,-2.278]],"v":[[32.268,23.662],[21.741,8.638]],"c":false}},"nm":"Path 1","hd":false},{"ty":"st","c":{"a":0,"k":[0.215686276555,0.341176480055,0.160784319043,1]},"o":{"a":0,"k":100},"w":{"a":0,"k":0.25},"lc":1,"lj":1,"ml":10,"bm":0,"nm":"Stroke 1","hd":false},{"ty":"fl","c":{"a":0,"k":[0.368627458811,0.729411780834,0.278431385756,1]},"o":{"a":0,"k":100},"r":1,"bm":0,"nm":"Fill 1","hd":false},{"ty":"tr","p":{"a":0,"k":[0,0]},"a":{"a":0,"k":[0,0]},"s":{"a":0,"k":[100,100]},"r":{"a":0,"k":0},"o":{"a":0,"k":100},"sk":{"a":0,"k":0},"sa":{"a":0,"k":0},"nm":"Transform"}],"nm":"Group 7","bm":0,"hd":false}],"ip":0,"op":500,"st":0,"bm":0},{"ddd":0,"ind":9,"ty":4,"nm":"Leg BL","parent":1,"sr":1,"ks":{"r":{"a":1,"k":[{"i":{"x":[0.833],"y":[1]},"o":{"x":[0.167],"y":[0]},"t":6.667,"s":[0]},{"i":{"x":[0.667],"y":[1]},"o":{"x":[0.333],"y":[0]},"t":10.666,"s":[51.6]},{"i":{"x":[0.667],"y":[1]},"o":{"x":[0.333],"y":[0]},"t":15.333,"s":[82.4]},{"i":{"x":[0.667],"y":[1]},"o":{"x":[0.333],"y":[0]},"t":20,"s":[67.2]},{"t":24.666015625,"s":[0]}]},"p":{"a":1,"k":[{"i":{"x":0.833,"y":1},"o":{"x":0.333,"y":0},"t":6.667,"s":[15.19,3.628,0],"to":[-1.167,1.5,0],"ti":[1.933,-1.985,0]},{"i":{"x":0.667,"y":1},"o":{"x":0.333,"y":0},"t":10.666,"s":[8.19,12.628,0],"to":[-1.933,1.985,0],"ti":[0.978,0.984,0]},{"i":{"x":0.667,"y":1},"o":{"x":0.333,"y":0},"t":15.333,"s":[3.595,15.536,0],"to":[-0.978,-0.984,0],"ti":[-1.933,1.985,0]},{"i":{"x":0.667,"y":1},"o":{"x":0.333,"y":0},"t":20,"s":[2.323,6.725,0],"to":[1.933,-1.985,0],"ti":[-2.145,0.516,0]},{"t":24.666015625,"s":[15.19,3.628,0]}]},"a":{"a":0,"k":[15.19,3.628,0]}},"ao":0,"shapes":[{"ty":"gr","it":[{"ind":0,"ty":"sh","ks":{"a":0,"k":{"i":[[0,0],[-1.545,-1.471],[25.782,4.804],[3.683,1.224],[0,0],[0,0]],"o":[[0,0],[1.077,1.025],[0,0],[-5.25,-1.745],[0,0],[0,0]],"v":[[14.356,7.38],[20.111,11.114],[13.177,20.201],[4.947,17.635],[-2.247,13.696],[3.459,11.726]],"c":true}},"nm":"Path 1","hd":false},{"ty":"fl","c":{"a":0,"k":[0.196078434587,0.46274510026,0.227450981736,1]},"o":{"a":0,"k":100},"r":1,"bm":0,"nm":"Fill 1","hd":false},{"ty":"tr","p":{"a":0,"k":[0,0]},"a":{"a":0,"k":[0,0]},"s":{"a":0,"k":[100,100]},"r":{"a":0,"k":0},"o":{"a":0,"k":100},"sk":{"a":0,"k":0},"sa":{"a":0,"k":0},"nm":"Transform"}],"nm":"Group 1","bm":0,"hd":false},{"ty":"gr","it":[{"ind":0,"ty":"sh","ks":{"a":0,"k":{"i":[[-2.269,-3.116],[2.543,-5.324],[7.749,2.713],[-1.468,1.301]],"o":[[0,0],[-2.359,4.937],[-7.749,-2.713],[1.468,-1.301]],"v":[[18.764,2.404],[28.279,18.798],[5.531,17.943],[-2.532,11.394]],"c":true}},"nm":"Path 1","hd":false},{"ty":"st","c":{"a":0,"k":[0.215686276555,0.341176480055,0.160784319043,1]},"o":{"a":0,"k":100},"w":{"a":0,"k":0.25},"lc":1,"lj":1,"ml":10,"bm":0,"nm":"Stroke 1","hd":false},{"ty":"fl","c":{"a":0,"k":[0.368627458811,0.729411780834,0.278431385756,1]},"o":{"a":0,"k":100},"r":1,"bm":0,"nm":"Fill 1","hd":false},{"ty":"tr","p":{"a":0,"k":[0,0]},"a":{"a":0,"k":[0,0]},"s":{"a":0,"k":[100,100]},"r":{"a":0,"k":0},"o":{"a":0,"k":100},"sk":{"a":0,"k":0},"sa":{"a":0,"k":0},"nm":"Transform"}],"nm":"Group 2","bm":0,"hd":false}],"ip":0,"op":500,"st":0,"bm":0},{"ddd":0,"ind":10,"ty":4,"nm":"Foot BL","parent":9,"sr":1,"ks":{"r":{"a":1,"k":[{"i":{"x":[0.833],"y":[1]},"o":{"x":[0.167],"y":[0]},"t":6.667,"s":[0]},{"i":{"x":[0.667],"y":[1]},"o":{"x":[0.333],"y":[0]},"t":10.666,"s":[-62.2]},{"i":{"x":[0.667],"y":[1]},"o":{"x":[0.333],"y":[0]},"t":15.333,"s":[13]},{"i":{"x":[0.667],"y":[1]},"o":{"x":[0.333],"y":[0]},"t":20,"s":[-76.1]},{"t":24.666015625,"s":[0]}]},"p":{"a":0,"k":[25.641,18.917,0]},"a":{"a":0,"k":[25.641,18.917,0]}},"ao":0,"shapes":[{"ty":"gr","it":[{"ind":0,"ty":"sh","ks":{"a":0,"k":{"i":[[0,0],[0.347,-0.996],[-0.334,0.459],[0.105,0.944],[0.629,-0.085]],"o":[[0,0],[0,0],[0,0],[0,0],[-0.629,0.085]],"v":[[47.087,20.264],[46.845,22.097],[48.287,21.704],[48.555,19.896],[47.998,21.075]],"c":true}},"nm":"Path 1","hd":false},{"ty":"fl","c":{"a":0,"k":[0.29411765933,0.666666686535,0.282352954149,1]},"o":{"a":0,"k":100},"r":1,"bm":0,"nm":"Fill 1","hd":false},{"ty":"tr","p":{"a":0,"k":[0,0]},"a":{"a":0,"k":[0,0]},"s":{"a":0,"k":[100,100]},"r":{"a":0,"k":0},"o":{"a":0,"k":100},"sk":{"a":0,"k":0},"sa":{"a":0,"k":0},"nm":"Transform"}],"nm":"Group 1","bm":0,"hd":false},{"ty":"gr","it":[{"ind":0,"ty":"sh","ks":{"a":0,"k":{"i":[[3.626,3.984],[0.349,-1.204],[-1.023,-0.012],[-0.818,0.342],[-0.009,0.498]],"o":[[0,0],[0,0],[0.909,0.011],[0,0],[0,0]],"v":[[41.006,19.808],[40.692,22.204],[43.391,22.464],[46.63,22.121],[46.886,20.848]],"c":true}},"nm":"Path 1","hd":false},{"ty":"fl","c":{"a":0,"k":[0.29411765933,0.666666686535,0.282352954149,1]},"o":{"a":0,"k":100},"r":1,"bm":0,"nm":"Fill 1","hd":false},{"ty":"tr","p":{"a":0,"k":[0,0]},"a":{"a":0,"k":[0,0]},"s":{"a":0,"k":[100,100]},"r":{"a":0,"k":0},"o":{"a":0,"k":100},"sk":{"a":0,"k":0},"sa":{"a":0,"k":0},"nm":"Transform"}],"nm":"Group 2","bm":0,"hd":false},{"ty":"gr","it":[{"ind":0,"ty":"sh","ks":{"a":0,"k":{"i":[[0,0],[-1.161,-0.374],[-1.37,-0.034],[0,0],[0.16,-1.65],[0,0],[1.252,0.026],[0.385,0.051],[0,0]],"o":[[1.02,-0.668],[0.735,0.237],[3.404,0.085],[0,0],[-0.153,1.579],[0,0],[-1.252,-0.026],[0,0],[0,0]],"v":[[31.422,21.515],[34.865,21.036],[37.995,21.515],[40.443,18.1],[40.773,20.51],[40.471,22.223],[37.487,22.425],[32.901,22.106],[30.786,21.931]],"c":true}},"nm":"Path 1","hd":false},{"ty":"fl","c":{"a":0,"k":[0.29411765933,0.666666686535,0.282352954149,1]},"o":{"a":0,"k":100},"r":1,"bm":0,"nm":"Fill 1","hd":false},{"ty":"tr","p":{"a":0,"k":[0,0]},"a":{"a":0,"k":[0,0]},"s":{"a":0,"k":[100,100]},"r":{"a":0,"k":0},"o":{"a":0,"k":100},"sk":{"a":0,"k":0},"sa":{"a":0,"k":0},"nm":"Transform"}],"nm":"Group 3","bm":0,"hd":false},{"ty":"gr","it":[{"ty":"gr","it":[{"ind":0,"ty":"sh","ks":{"a":0,"k":{"i":[[0,0],[0.926,-2.759]],"o":[[0,0],[0,0]],"v":[[46.083,17.816],[46.712,22.204]],"c":false}},"nm":"Path 1","hd":false},{"ty":"st","c":{"a":0,"k":[0.215686276555,0.341176480055,0.160784319043,1]},"o":{"a":0,"k":100},"w":{"a":0,"k":0.25},"lc":1,"lj":1,"ml":10,"bm":0,"nm":"Stroke 1","hd":false},{"ty":"fl","c":{"a":0,"k":[0.368627458811,0.729411780834,0.278431385756,1]},"o":{"a":0,"k":100},"r":1,"bm":0,"nm":"Fill 1","hd":false},{"ty":"tr","p":{"a":0,"k":[0,0]},"a":{"a":0,"k":[0,0]},"s":{"a":0,"k":[100,100]},"r":{"a":0,"k":0},"o":{"a":0,"k":100},"sk":{"a":0,"k":0},"sa":{"a":0,"k":0},"nm":"Transform"}],"nm":"Group 1","bm":0,"hd":false},{"ty":"gr","it":[{"ind":0,"ty":"sh","ks":{"a":0,"k":{"i":[[0,0],[0.155,-0.949]],"o":[[0,0],[0,0]],"v":[[42.046,17.536],[40.825,18.975]],"c":false}},"nm":"Path 1","hd":false},{"ty":"st","c":{"a":0,"k":[0.215686276555,0.341176480055,0.160784319043,1]},"o":{"a":0,"k":100},"w":{"a":0,"k":0.25},"lc":1,"lj":1,"ml":10,"bm":0,"nm":"Stroke 1","hd":false},{"ty":"fl","c":{"a":0,"k":[0.368627458811,0.729411780834,0.278431385756,1]},"o":{"a":0,"k":100},"r":1,"bm":0,"nm":"Fill 1","hd":false},{"ty":"tr","p":{"a":0,"k":[0,0]},"a":{"a":0,"k":[0,0]},"s":{"a":0,"k":[100,100]},"r":{"a":0,"k":0},"o":{"a":0,"k":100},"sk":{"a":0,"k":0},"sa":{"a":0,"k":0},"nm":"Transform"}],"nm":"Group 2","bm":0,"hd":false},{"ty":"gr","it":[{"ind":0,"ty":"sh","ks":{"a":0,"k":{"i":[[0,0],[-3.239,-0.624],[0,0]],"o":[[0,0],[3.172,0.611],[0,0]],"v":[[34.724,20.034],[38.831,16.733],[40.578,22.246]],"c":false}},"nm":"Path 1","hd":false},{"ty":"st","c":{"a":0,"k":[0.215686276555,0.341176480055,0.160784319043,1]},"o":{"a":0,"k":100},"w":{"a":0,"k":0.25},"lc":1,"lj":1,"ml":10,"bm":0,"nm":"Stroke 1","hd":false},{"ty":"fl","c":{"a":0,"k":[0.368627458811,0.729411780834,0.278431385756,1]},"o":{"a":0,"k":100},"r":1,"bm":0,"nm":"Fill 1","hd":false},{"ty":"tr","p":{"a":0,"k":[0,0]},"a":{"a":0,"k":[0,0]},"s":{"a":0,"k":[100,100]},"r":{"a":0,"k":0},"o":{"a":0,"k":100},"sk":{"a":0,"k":0},"sa":{"a":0,"k":0},"nm":"Transform"}],"nm":"Group 3","bm":0,"hd":false},{"ty":"tr","p":{"a":0,"k":[0,0]},"a":{"a":0,"k":[0,0]},"s":{"a":0,"k":[100,100]},"r":{"a":0,"k":0},"o":{"a":0,"k":100},"sk":{"a":0,"k":0},"sa":{"a":0,"k":0},"nm":"Transform"}],"nm":"Group 4","bm":0,"hd":false},{"ty":"gr","it":[{"ind":0,"ty":"sh","ks":{"a":0,"k":{"i":[[-1.106,-0.741],[-3.6,0.637],[-2.411,0.684],[-0.411,0.532],[3.809,0.218],[2.516,-1.101],[1.663,-1.435]],"o":[[0,0],[0,0],[0,0],[0,0],[0,0],[0,0],[0,0]],"v":[[23.6,21.325],[40.596,22.297],[46.712,22.204],[48.389,21.765],[46.083,17.816],[42.046,17.536],[25.882,14.326]],"c":false}},"nm":"Path 1","hd":false},{"ty":"st","c":{"a":0,"k":[0.215686276555,0.341176480055,0.160784319043,1]},"o":{"a":0,"k":100},"w":{"a":0,"k":0.25},"lc":1,"lj":1,"ml":10,"bm":0,"nm":"Stroke 1","hd":false},{"ty":"fl","c":{"a":0,"k":[0.368627458811,0.729411780834,0.278431385756,1]},"o":{"a":0,"k":100},"r":1,"bm":0,"nm":"Fill 1","hd":false},{"ty":"tr","p":{"a":0,"k":[0,0]},"a":{"a":0,"k":[0,0]},"s":{"a":0,"k":[100,100]},"r":{"a":0,"k":0},"o":{"a":0,"k":100},"sk":{"a":0,"k":0},"sa":{"a":0,"k":0},"nm":"Transform"}],"nm":"Group 5","bm":0,"hd":false}],"ip":0,"op":500,"st":0,"bm":0}],"markers":[]}