{"v":"5.7.4","fr":24,"ip":0,"op":50,"w":944,"h":340,"nm":"water ripple final","ddd":0,"assets":[],"layers":[{"ddd":0,"ind":1,"ty":4,"nm":"Layer 6","sr":1,"ks":{"o":{"a":1,"k":[{"i":{"x":[0.667],"y":[1]},"o":{"x":[0.333],"y":[0]},"t":0,"s":[0]},{"i":{"x":[0.667],"y":[1]},"o":{"x":[0.333],"y":[0]},"t":12.896,"s":[100]},{"i":{"x":[0.667],"y":[1]},"o":{"x":[0.333],"y":[0]},"t":36.104,"s":[100]},{"t":49,"s":[0]}]},"p":{"a":1,"k":[{"i":{"x":0.667,"y":1},"o":{"x":0.333,"y":0},"t":0,"s":[417.957,93.654,0],"to":[13.5,22.654,0],"ti":[-13.5,-22.654,0]},{"t":49,"s":[498.957,229.577,0]}]},"a":{"a":0,"k":[665.957,297.654,0]},"s":{"a":1,"k":[{"i":{"x":[0.667,0.667,0.667],"y":[1,1,1]},"o":{"x":[0.333,0.333,0.333],"y":[0,0,0]},"t":0,"s":[50.574,50.574,100]},{"t":49,"s":[75.806,75.806,100]}]}},"ao":0,"shapes":[{"ty":"gr","it":[{"ind":0,"ty":"sh","ks":{"a":0,"k":{"i":[[-21.733,-1.056],[-21.246,1.394],[-14.26,4.96],[17.108,0.293],[29.15,0.821],[22.851,-1.002],[4.421,-0.161],[-14.25,-0.976]],"o":[[21.288,1.036],[14.888,-0.976],[-17.082,0.14],[-29.158,-0.5],[-22.876,-0.643],[-1.046,0.046],[13.978,2.771],[21.718,1.488]],"v":[[-0.487,5.21],[63.312,3.895],[108.184,-2.831],[56.913,-2.897],[-30.548,-5.017],[-99.039,-5.026],[-108.184,-4.525],[-65.73,0.728]],"c":true}},"nm":"Path 1","hd":false},{"ty":"fl","c":{"a":0,"k":[0.247058838489,0.737254901961,0.721568627451,1]},"o":{"a":0,"k":100},"r":1,"bm":0,"nm":"Fill 1","hd":false},{"ty":"tr","p":{"a":0,"k":[381.774,300.511]},"a":{"a":0,"k":[0,0]},"s":{"a":0,"k":[100,100]},"r":{"a":0,"k":0},"o":{"a":0,"k":40},"sk":{"a":0,"k":0},"sa":{"a":0,"k":0},"nm":"Transform"}],"nm":"Group 1","bm":1,"hd":false},{"ty":"gr","it":[{"ind":0,"ty":"sh","ks":{"a":0,"k":{"i":[[18.851,-0.946],[16.922,1.982],[-11.527,-0.301],[-14.789,1.337],[-18.177,1.825],[-5.708,1.97],[-1.894,0.659],[16.79,-0.151]],"o":[[-16.984,0.851],[8.926,8.368],[14.872,0.389],[18.218,-1.647],[5.985,-0.6],[1.893,-0.653],[-16.762,0.502],[-18.874,0.17]],"v":[[-27.914,-3.85],[-78.886,-4.392],[-43.707,5.451],[0.749,3.002],[55.483,1.367],[73.209,-2.083],[78.886,-4.073],[28.583,-5.505]],"c":true}},"nm":"Path 1","hd":false},{"ty":"fl","c":{"a":0,"k":[0.247058838489,0.737254901961,0.721568627451,1]},"o":{"a":0,"k":100},"r":1,"bm":0,"nm":"Fill 1","hd":false},{"ty":"tr","p":{"a":0,"k":[979.437,289.185]},"a":{"a":0,"k":[0,0]},"s":{"a":0,"k":[100,100]},"r":{"a":0,"k":0},"o":{"a":0,"k":40},"sk":{"a":0,"k":0},"sa":{"a":0,"k":0},"nm":"Transform"}],"nm":"Group 2","bm":1,"hd":false},{"ty":"gr","it":[{"ind":0,"ty":"sh","ks":{"a":0,"k":{"i":[[-13.839,-0.107],[-14.489,-0.122],[-13.952,-1.004],[-28.262,3.476],[-19.546,4.076],[0.401,0.02],[14.475,0.359],[29.484,0.406],[14.706,0.597],[14.617,-0.357],[25.801,2.46],[-9.519,-2.51]],"o":[[14.49,0.112],[13.991,0.117],[28.274,2.034],[19.834,-2.438],[-0.401,-0.02],[-14.458,-0.731],[-29.487,-0.727],[-14.734,-0.203],[-14.614,-0.596],[-25.887,0.632],[9.484,2.54],[13.413,3.54]],"v":[[-79.807,4.616],[-36.347,4.034],[5.558,6.01],[90.338,6.958],[149.252,-3.695],[148.047,-3.747],[104.711,-6.388],[16.281,-5.43],[-27.765,-7.736],[-71.617,-7.8],[-149.252,-8.722],[-121.058,-0.133]],"c":true}},"nm":"Path 1","hd":false},{"ty":"fl","c":{"a":0,"k":[0.247058838489,0.737254901961,0.721568627451,1]},"o":{"a":0,"k":100},"r":1,"bm":0,"nm":"Fill 1","hd":false},{"ty":"tr","p":{"a":0,"k":[690.205,302.914]},"a":{"a":0,"k":[0,0]},"s":{"a":0,"k":[100,100]},"r":{"a":0,"k":0},"o":{"a":0,"k":40},"sk":{"a":0,"k":0},"sa":{"a":0,"k":0},"nm":"Transform"}],"nm":"Group 3","bm":1,"hd":false}],"ip":0,"op":50,"st":0,"bm":3}],"markers":[]}