{"v":"5.8.1","fr":24,"ip":102,"op":152,"w":476,"h":720,"nm":"SB42","ddd":0,"assets":[{"id":"comp_0","nm":"SB42_Monkey Swing","fr":24,"layers":[{"ddd":0,"ind":1,"ty":4,"nm":"eye_04 Outlines","parent":5,"sr":1,"ks":{"p":{"a":0,"k":[109.162,141.883,0]},"a":{"a":0,"k":[109.412,141.883,0]}},"ao":0,"shapes":[{"ty":"gr","it":[{"ind":0,"ty":"sh","ks":{"a":1,"k":[{"i":{"x":0.667,"y":1},"o":{"x":0.333,"y":0},"t":9,"s":[{"i":[[0.816,-5.612],[8.034,-0.02],[0.406,-0.005],[-4.597,-0.495]],"o":[[-0.012,-0.077],[-8.47,0.021],[0.246,-5.666],[4.597,0.494]],"v":[[8.323,0.895],[0.553,-10.205],[-8.323,-0.895],[1.097,-10.21]],"c":true}]},{"i":{"x":0.667,"y":1},"o":{"x":0.333,"y":0},"t":15,"s":[{"i":[[0.606,-5.639],[4.597,0.494],[-0.606,5.639],[-4.597,-0.495]],"o":[[-0.606,5.639],[-4.597,-0.494],[0.605,-5.639],[4.597,0.494]],"v":[[8.323,0.895],[-1.097,10.211],[-8.323,-0.895],[1.097,-10.21]],"c":true}]},{"t":21,"s":[{"i":[[0.816,-5.612],[8.034,-0.02],[0.406,-0.005],[-4.597,-0.495]],"o":[[-0.012,-0.077],[-8.47,0.021],[0.246,-5.666],[4.597,0.494]],"v":[[8.323,0.895],[0.553,-10.205],[-8.323,-0.894],[1.097,-10.21]],"c":true}]}]},"nm":"Path 1","hd":false},{"ty":"st","c":{"a":0,"k":[0.400000029919,0.239215701234,0.086274509804,1]},"o":{"a":0,"k":100},"w":{"a":0,"k":0.5},"lc":1,"lj":1,"ml":10,"bm":0,"nm":"Stroke 1","hd":false},{"ty":"fl","c":{"a":0,"k":[0.976470588235,0.870588235294,0.603921568627,1]},"o":{"a":0,"k":100},"r":1,"bm":0,"nm":"Fill 1","hd":false},{"ty":"tr","p":{"a":0,"k":[86.948,91.634]},"a":{"a":0,"k":[0,0]},"s":{"a":0,"k":[100,100]},"r":{"a":0,"k":0},"o":{"a":0,"k":100},"sk":{"a":0,"k":0},"sa":{"a":0,"k":0},"nm":"Transform"}],"nm":"Group 1","bm":0,"hd":false},{"ty":"gr","it":[{"ind":0,"ty":"sh","ks":{"a":1,"k":[{"i":{"x":0.667,"y":1},"o":{"x":0.333,"y":0},"t":9,"s":[{"i":[[-0.008,-5.671],[7.071,0.933],[0.008,-0.078],[-4.597,-0.495]],"o":[[0.002,1.725],[-6.794,-0.896],[0.714,-5.626],[4.597,0.493]],"v":[[8.323,0.895],[1.18,-10.321],[-8.323,-0.895],[1.097,-10.21]],"c":true}]},{"i":{"x":0.667,"y":1},"o":{"x":0.333,"y":0},"t":15,"s":[{"i":[[0.606,-5.639],[4.597,0.494],[-0.606,5.639],[-4.597,-0.495]],"o":[[-0.606,5.639],[-4.597,-0.494],[0.605,-5.639],[4.597,0.493]],"v":[[8.323,0.895],[-1.097,10.211],[-8.323,-0.895],[1.097,-10.21]],"c":true}]},{"t":21,"s":[{"i":[[-0.008,-5.671],[7.071,0.933],[0.008,-0.078],[-4.597,-0.495]],"o":[[0.002,1.725],[-6.794,-0.896],[0.714,-5.626],[4.597,0.493]],"v":[[8.323,0.895],[1.18,-10.321],[-8.323,-0.895],[1.097,-10.21]],"c":true}]}]},"nm":"Path 1","hd":false},{"ty":"st","c":{"a":0,"k":[0.400000029919,0.239215701234,0.086274509804,1]},"o":{"a":0,"k":100},"w":{"a":0,"k":0.5},"lc":1,"lj":1,"ml":10,"bm":0,"nm":"Stroke 1","hd":false},{"ty":"fl","c":{"a":0,"k":[0.976470648074,0.870588295133,0.603921568627,1]},"o":{"a":0,"k":100},"r":1,"bm":0,"nm":"Fill 1","hd":false},{"ty":"tr","p":{"a":0,"k":[112.906,92.118]},"a":{"a":0,"k":[0,0]},"s":{"a":0,"k":[100,100]},"r":{"a":0,"k":0},"o":{"a":0,"k":100},"sk":{"a":0,"k":0},"sa":{"a":0,"k":0},"nm":"Transform"}],"nm":"Group 2","bm":0,"hd":false},{"ty":"gr","it":[{"ty":"gr","it":[{"ind":0,"ty":"sh","ks":{"a":0,"k":{"i":[[0,0],[4.075,-3.221],[0,0],[-3.692,6.211]],"o":[[0,0],[-4.075,3.221],[0,0],[3.693,-6.211]],"v":[[8.364,2.406],[-0.428,1.744],[-3.936,7.797],[-4.672,-1.586]],"c":true}},"nm":"Path 1","hd":false},{"ty":"fl","c":{"a":0,"k":[0.305882352941,0.160784313725,0.066666666667,1]},"o":{"a":0,"k":100},"r":1,"bm":0,"nm":"Fill 1","hd":false},{"ty":"tr","p":{"a":0,"k":[83.981,74.595]},"a":{"a":0,"k":[0,0]},"s":{"a":0,"k":[100,100]},"r":{"a":0,"k":0},"o":{"a":0,"k":100},"sk":{"a":0,"k":0},"sa":{"a":0,"k":0},"nm":"Transform"}],"nm":"Group 3","bm":0,"hd":false},{"ty":"gr","it":[{"ind":0,"ty":"sh","ks":{"a":0,"k":{"i":[[0,0],[-3.571,-3.772],[0,0],[2.764,6.676]],"o":[[0,0],[3.571,3.772],[0,0],[-2.763,-6.676]],"v":[[-8.118,0.829],[0.677,1.435],[3.28,7.929],[5.354,-1.253]],"c":true}},"nm":"Path 1","hd":false},{"ty":"fl","c":{"a":0,"k":[0.305882352941,0.160784313725,0.066666666667,1]},"o":{"a":0,"k":100},"r":1,"bm":0,"nm":"Fill 1","hd":false},{"ty":"tr","p":{"a":0,"k":[122.837,76.479]},"a":{"a":0,"k":[0,0]},"s":{"a":0,"k":[100,100]},"r":{"a":0,"k":0},"o":{"a":0,"k":100},"sk":{"a":0,"k":0},"sa":{"a":0,"k":0},"nm":"Transform"}],"nm":"Group 4","bm":0,"hd":false},{"ty":"tr","p":{"a":1,"k":[{"i":{"x":0.667,"y":1},"o":{"x":0.333,"y":0},"t":9,"s":[103.442,74.706],"to":[0,0.5],"ti":[0,0]},{"i":{"x":0.667,"y":1},"o":{"x":0.333,"y":0},"t":15,"s":[103.442,77.706],"to":[0,0],"ti":[0,0.5]},{"t":21,"s":[103.442,74.706]}]},"a":{"a":0,"k":[103.442,77.706]},"s":{"a":0,"k":[100,100]},"r":{"a":0,"k":0},"o":{"a":0,"k":100},"sk":{"a":0,"k":0},"sa":{"a":0,"k":0},"nm":"Transform"}],"nm":"Group 3","bm":0,"hd":false}],"ip":0,"op":30,"st":0,"bm":0},{"ddd":0,"ind":2,"ty":4,"nm":"eye_01 Outlines","parent":5,"sr":1,"ks":{"p":{"a":0,"k":[109.412,141.883,0]},"a":{"a":0,"k":[109.412,141.883,0]}},"ao":0,"shapes":[{"ty":"gr","it":[{"ind":0,"ty":"sh","ks":{"a":0,"k":{"i":[[0.081,-0.747],[0.721,0.078],[-0.08,0.746],[-0.721,-0.077]],"o":[[-0.08,0.746],[-0.722,-0.077],[0.08,-0.746],[0.722,0.078]],"v":[[1.306,0.14],[-0.146,1.35],[-1.307,-0.141],[0.145,-1.352]],"c":true}},"nm":"Path 1","hd":false},{"ty":"fl","c":{"a":0,"k":[0.964705942191,0.941176530427,0.921568687289,1]},"o":{"a":0,"k":100},"r":1,"bm":0,"nm":"Fill 1","hd":false},{"ty":"tr","p":{"a":0,"k":[92.309,88.967]},"a":{"a":0,"k":[0,0]},"s":{"a":0,"k":[100,100]},"r":{"a":0,"k":0},"o":{"a":0,"k":100},"sk":{"a":0,"k":0},"sa":{"a":0,"k":0},"nm":"Transform"}],"nm":"Group 3","bm":0,"hd":false},{"ty":"gr","it":[{"ind":0,"ty":"sh","ks":{"a":0,"k":{"i":[[0.297,-2.77],[2.678,0.287],[-0.297,2.77],[-2.677,-0.288]],"o":[[-0.298,2.77],[-2.678,-0.288],[0.298,-2.769],[2.678,0.287]],"v":[[4.849,0.521],[-0.538,5.015],[-4.849,-0.521],[0.538,-5.014]],"c":true}},"nm":"Path 1","hd":false},{"ty":"fl","c":{"a":0,"k":[0.305882352941,0.160784313725,0.066666666667,1]},"o":{"a":0,"k":100},"r":1,"bm":0,"nm":"Fill 1","hd":false},{"ty":"tr","p":{"a":0,"k":[88.478,90.955]},"a":{"a":0,"k":[0,0]},"s":{"a":0,"k":[100,100]},"r":{"a":0,"k":0},"o":{"a":0,"k":100},"sk":{"a":0,"k":0},"sa":{"a":0,"k":0},"nm":"Transform"}],"nm":"Group 4","bm":0,"hd":false},{"ty":"gr","it":[{"ind":0,"ty":"sh","ks":{"a":0,"k":{"i":[[0.606,-5.639],[4.597,0.494],[-0.606,5.639],[-4.597,-0.495]],"o":[[-0.606,5.639],[-4.597,-0.494],[0.605,-5.639],[4.597,0.494]],"v":[[8.323,0.895],[-1.097,10.211],[-8.323,-0.895],[1.097,-10.21]],"c":true}},"nm":"Path 1","hd":false},{"ty":"st","c":{"a":0,"k":[0.305882352941,0.160784313725,0.066666666667,1]},"o":{"a":0,"k":100},"w":{"a":0,"k":1},"lc":1,"lj":1,"ml":10,"bm":0,"nm":"Stroke 1","hd":false},{"ty":"fl","c":{"a":0,"k":[1,1,1,1]},"o":{"a":0,"k":100},"r":1,"bm":0,"nm":"Fill 1","hd":false},{"ty":"tr","p":{"a":0,"k":[86.948,91.634]},"a":{"a":0,"k":[0,0]},"s":{"a":0,"k":[100,100]},"r":{"a":0,"k":0},"o":{"a":0,"k":100},"sk":{"a":0,"k":0},"sa":{"a":0,"k":0},"nm":"Transform"}],"nm":"Group 5","bm":0,"hd":false},{"ty":"gr","it":[{"ind":0,"ty":"sh","ks":{"a":0,"k":{"i":[[0.08,-0.747],[0.721,0.078],[-0.08,0.746],[-0.721,-0.077]],"o":[[-0.08,0.746],[-0.722,-0.077],[0.08,-0.746],[0.722,0.078]],"v":[[1.306,0.14],[-0.145,1.35],[-1.306,-0.141],[0.145,-1.352]],"c":true}},"nm":"Path 1","hd":false},{"ty":"fl","c":{"a":0,"k":[0.964705942191,0.941176530427,0.921568687289,1]},"o":{"a":0,"k":100},"r":1,"bm":0,"nm":"Fill 1","hd":false},{"ty":"tr","p":{"a":0,"k":[117.113,89.919]},"a":{"a":0,"k":[0,0]},"s":{"a":0,"k":[100,100]},"r":{"a":0,"k":0},"o":{"a":0,"k":100},"sk":{"a":0,"k":0},"sa":{"a":0,"k":0},"nm":"Transform"}],"nm":"Group 6","bm":0,"hd":false},{"ty":"gr","it":[{"ind":0,"ty":"sh","ks":{"a":0,"k":{"i":[[0.298,-2.77],[2.678,0.287],[-0.298,2.77],[-2.677,-0.288]],"o":[[-0.297,2.77],[-2.678,-0.288],[0.297,-2.769],[2.678,0.287]],"v":[[4.848,0.521],[-0.539,5.015],[-4.848,-0.521],[0.538,-5.014]],"c":true}},"nm":"Path 1","hd":false},{"ty":"fl","c":{"a":0,"k":[0.305882352941,0.160784313725,0.066666666667,1]},"o":{"a":0,"k":100},"r":1,"bm":0,"nm":"Fill 1","hd":false},{"ty":"tr","p":{"a":0,"k":[113.57,91.377]},"a":{"a":0,"k":[0,0]},"s":{"a":0,"k":[100,100]},"r":{"a":0,"k":0},"o":{"a":0,"k":100},"sk":{"a":0,"k":0},"sa":{"a":0,"k":0},"nm":"Transform"}],"nm":"Group 7","bm":0,"hd":false},{"ty":"gr","it":[{"ind":0,"ty":"sh","ks":{"a":0,"k":{"i":[[0.606,-5.639],[4.597,0.494],[-0.606,5.639],[-4.597,-0.495]],"o":[[-0.606,5.639],[-4.597,-0.494],[0.605,-5.639],[4.597,0.493]],"v":[[8.323,0.895],[-1.097,10.211],[-8.323,-0.895],[1.097,-10.21]],"c":true}},"nm":"Path 1","hd":false},{"ty":"st","c":{"a":0,"k":[0.305882352941,0.160784313725,0.066666666667,1]},"o":{"a":0,"k":100},"w":{"a":0,"k":1},"lc":1,"lj":1,"ml":10,"bm":0,"nm":"Stroke 1","hd":false},{"ty":"fl","c":{"a":0,"k":[1,1,1,1]},"o":{"a":0,"k":100},"r":1,"bm":0,"nm":"Fill 1","hd":false},{"ty":"tr","p":{"a":0,"k":[112.906,92.118]},"a":{"a":0,"k":[0,0]},"s":{"a":0,"k":[100,100]},"r":{"a":0,"k":0},"o":{"a":0,"k":100},"sk":{"a":0,"k":0},"sa":{"a":0,"k":0},"nm":"Transform"}],"nm":"Group 8","bm":0,"hd":false}],"ip":0,"op":30,"st":0,"bm":0},{"ddd":0,"ind":3,"ty":4,"nm":"mouth Outlines","parent":5,"sr":1,"ks":{"p":{"a":0,"k":[109.412,141.883,0]},"a":{"a":0,"k":[109.412,141.883,0]}},"ao":0,"shapes":[{"ty":"gr","it":[{"ind":0,"ty":"sh","ks":{"a":0,"k":{"i":[[3.3,0.292],[-0.074,-2.396]],"o":[[0,0],[0,0]],"v":[[-1.65,-1.78],[0.572,1.78]],"c":true}},"nm":"Path 1","hd":false},{"ty":"fl","c":{"a":0,"k":[0.733333333333,0.262745098039,0.266666666667,1]},"o":{"a":0,"k":100},"r":1,"bm":0,"nm":"Fill 1","hd":false},{"ty":"tr","p":{"a":0,"k":[112.94,114.653]},"a":{"a":0,"k":[0,0]},"s":{"a":0,"k":[100,100]},"r":{"a":0,"k":0},"o":{"a":0,"k":100},"sk":{"a":0,"k":0},"sa":{"a":0,"k":0},"nm":"Transform"}],"nm":"Group 1","bm":0,"hd":false},{"ty":"gr","it":[{"ind":0,"ty":"sh","ks":{"a":0,"k":{"i":[[-4.355,0.828],[-0.59,-2.381]],"o":[[0,0],[0,0]],"v":[[2.178,-1.941],[0.213,1.941]],"c":true}},"nm":"Path 1","hd":false},{"ty":"fl","c":{"a":0,"k":[0.733333333333,0.262745098039,0.266666666667,1]},"o":{"a":0,"k":100},"r":1,"bm":0,"nm":"Fill 1","hd":false},{"ty":"tr","p":{"a":0,"k":[81.953,116.855]},"a":{"a":0,"k":[0,0]},"s":{"a":0,"k":[100,100]},"r":{"a":0,"k":0},"o":{"a":0,"k":100},"sk":{"a":0,"k":0},"sa":{"a":0,"k":0},"nm":"Transform"}],"nm":"Group 2","bm":0,"hd":false},{"ty":"gr","it":[{"ind":0,"ty":"sh","ks":{"a":0,"k":{"i":[[3.822,4.313],[-1.57,-0.847],[-2.727,-1.774]],"o":[[0,0],[0,0],[0,0]],"v":[[-4.555,-1.965],[-0.959,-1.501],[4.555,-0.479]],"c":true}},"nm":"Path 1","hd":false},{"ty":"fl","c":{"a":0,"k":[0.976470648074,0.752941236309,0.725490196078,1]},"o":{"a":0,"k":100},"r":1,"bm":0,"nm":"Fill 1","hd":false},{"ty":"tr","p":{"a":0,"k":[96.23,128.773]},"a":{"a":0,"k":[0,0]},"s":{"a":0,"k":[100,100]},"r":{"a":0,"k":0},"o":{"a":0,"k":100},"sk":{"a":0,"k":0},"sa":{"a":0,"k":0},"nm":"Transform"}],"nm":"Group 3","bm":0,"hd":false},{"ty":"gr","it":[{"ind":0,"ty":"sh","ks":{"a":0,"k":{"i":[[2.984,6.699],[-10.967,9.568],[9.91,-0.55]],"o":[[0,0],[0,0],[0,0]],"v":[[-10.992,-3.065],[10.992,-4.784],[-0.134,3.019]],"c":true}},"nm":"Path 1","hd":false},{"ty":"fl","c":{"a":0,"k":[0.968627510819,0.964705942191,0.964705942191,1]},"o":{"a":0,"k":100},"r":1,"bm":0,"nm":"Fill 1","hd":false},{"ty":"tr","p":{"a":0,"k":[98.164,123.881]},"a":{"a":0,"k":[0,0]},"s":{"a":0,"k":[100,100]},"r":{"a":0,"k":0},"o":{"a":0,"k":100},"sk":{"a":0,"k":0},"sa":{"a":0,"k":0},"nm":"Transform"}],"nm":"Group 4","bm":0,"hd":false},{"ty":"gr","it":[{"ind":0,"ty":"sh","ks":{"a":0,"k":{"i":[[9.28,8.934],[-6.706,-0.511],[-0.355,2.666]],"o":[[0,0],[6.706,0.51],[0,0]],"v":[[-10.537,-3.881],[-1.324,3.716],[10.537,-5.053]],"c":true}},"nm":"Path 1","hd":false},{"ty":"fl","c":{"a":0,"k":[0.345098039216,0.050980395897,0.050980395897,1]},"o":{"a":0,"k":100},"r":1,"bm":0,"nm":"Fill 1","hd":false},{"ty":"tr","p":{"a":0,"k":[98.245,125.36]},"a":{"a":0,"k":[0,0]},"s":{"a":0,"k":[100,100]},"r":{"a":0,"k":0},"o":{"a":0,"k":100},"sk":{"a":0,"k":0},"sa":{"a":0,"k":0},"nm":"Transform"}],"nm":"Group 5","bm":0,"hd":false},{"ty":"gr","it":[{"ind":0,"ty":"sh","ks":{"a":0,"k":{"i":[[0,0],[-6.36,-0.784],[-3.491,5.43],[10.295,-2.874],[2.287,1.469]],"o":[[0,0],[6.36,0.785],[0,0],[-10.294,2.874],[-2.287,-1.47]],"v":[[-14.374,-7.408],[-3.137,-1.486],[14.374,-9.413],[2.592,6.54],[-11.844,-4.397]],"c":true}},"nm":"Path 1","hd":false},{"ty":"fl","c":{"a":0,"k":[0.949019667682,0.552941176471,0.431372578939,1]},"o":{"a":0,"k":100},"r":1,"bm":0,"nm":"Fill 1","hd":false},{"ty":"tr","p":{"a":0,"k":[97.489,124.342]},"a":{"a":0,"k":[0,0]},"s":{"a":0,"k":[100,100]},"r":{"a":0,"k":0},"o":{"a":0,"k":100},"sk":{"a":0,"k":0},"sa":{"a":0,"k":0},"nm":"Transform"}],"nm":"Group 6","bm":0,"hd":false}],"ip":0,"op":30,"st":0,"bm":0},{"ddd":0,"ind":4,"ty":4,"nm":"l_ear Outlines","parent":5,"sr":1,"ks":{"r":{"a":1,"k":[{"i":{"x":[0.667],"y":[1]},"o":{"x":[0.333],"y":[0]},"t":0,"s":[0]},{"i":{"x":[0.667],"y":[1]},"o":{"x":[0.333],"y":[0]},"t":8.872,"s":[-5]},{"t":32.83203125,"s":[0]}]},"p":{"a":0,"k":[142.412,100.883,0]},"a":{"a":0,"k":[142.412,100.883,0]}},"ao":0,"shapes":[{"ty":"gr","it":[{"ind":0,"ty":"sh","ks":{"a":0,"k":{"i":[[0,0],[8.89,-4.145]],"o":[[0,0],[0,0]],"v":[[-0.984,-5.15],[-4.445,5.15]],"c":false}},"nm":"Path 1","hd":false},{"ty":"st","c":{"a":0,"k":[0.380392186782,0.305882352941,0.141176470588,1]},"o":{"a":0,"k":100},"w":{"a":0,"k":1},"lc":1,"lj":1,"ml":10,"bm":0,"nm":"Stroke 1","hd":false},{"ty":"fl","c":{"a":0,"k":[0.976470648074,0.870588295133,0.603921568627,1]},"o":{"a":0,"k":100},"r":1,"bm":0,"nm":"Fill 1","hd":false},{"ty":"tr","p":{"a":0,"k":[151.64,97.888]},"a":{"a":0,"k":[0,0]},"s":{"a":0,"k":[100,100]},"r":{"a":0,"k":0},"o":{"a":0,"k":100},"sk":{"a":0,"k":0},"sa":{"a":0,"k":0},"nm":"Transform"}],"nm":"Group 1","bm":0,"hd":false},{"ty":"gr","it":[{"ind":0,"ty":"sh","ks":{"a":0,"k":{"i":[[0,0],[-10.99,-1.445]],"o":[[0,0],[0,0]],"v":[[-8.894,4.921],[8.895,-3.476]],"c":false}},"nm":"Path 1","hd":false},{"ty":"st","c":{"a":0,"k":[0.380392186782,0.305882352941,0.141176470588,1]},"o":{"a":0,"k":100},"w":{"a":0,"k":1},"lc":1,"lj":1,"ml":10,"bm":0,"nm":"Stroke 1","hd":false},{"ty":"fl","c":{"a":0,"k":[0.976470648074,0.870588295133,0.603921568627,1]},"o":{"a":0,"k":100},"r":1,"bm":0,"nm":"Fill 1","hd":false},{"ty":"tr","p":{"a":0,"k":[152.444,94.373]},"a":{"a":0,"k":[0,0]},"s":{"a":0,"k":[100,100]},"r":{"a":0,"k":0},"o":{"a":0,"k":100},"sk":{"a":0,"k":0},"sa":{"a":0,"k":0},"nm":"Transform"}],"nm":"Group 2","bm":0,"hd":false},{"ty":"gr","it":[{"ind":0,"ty":"sh","ks":{"a":0,"k":{"i":[[0,0],[-10.323,-3.137],[9.171,-6.517],[2.66,9.871]],"o":[[0,0],[10.323,3.136],[-9.17,6.517],[0,0]],"v":[[-15.673,-6.898],[6.318,-14.774],[4.424,9.994],[-16.641,8.04]],"c":false}},"nm":"Path 1","hd":false},{"ty":"st","c":{"a":0,"k":[0.380392186782,0.305882352941,0.141176470588,1]},"o":{"a":0,"k":100},"w":{"a":0,"k":1},"lc":1,"lj":1,"ml":10,"bm":0,"nm":"Stroke 1","hd":false},{"ty":"fl","c":{"a":0,"k":[0.976470648074,0.870588295133,0.603921568627,1]},"o":{"a":0,"k":100},"r":1,"bm":0,"nm":"Fill 1","hd":false},{"ty":"tr","p":{"a":0,"k":[155.171,97.526]},"a":{"a":0,"k":[0,0]},"s":{"a":0,"k":[100,100]},"r":{"a":0,"k":0},"o":{"a":0,"k":100},"sk":{"a":0,"k":0},"sa":{"a":0,"k":0},"nm":"Transform"}],"nm":"Group 3","bm":0,"hd":false}],"ip":0,"op":30,"st":0,"bm":0},{"ddd":0,"ind":5,"ty":4,"nm":"Head Outlines","parent":13,"sr":1,"ks":{"r":{"a":1,"k":[{"i":{"x":[0.833],"y":[1]},"o":{"x":[0.167],"y":[0]},"t":0,"s":[0]},{"i":{"x":[0.833],"y":[1]},"o":{"x":[0.167],"y":[0]},"t":8.872,"s":[-16]},{"t":33.51953125,"s":[5]}]},"p":{"a":0,"k":[102.412,132.883,0]},"a":{"a":0,"k":[102.412,132.883,0]}},"ao":0,"shapes":[{"ty":"gr","it":[{"ind":0,"ty":"sh","ks":{"a":0,"k":{"i":[[-0.721,-0.274],[-0.879,0.791],[-1.351,-0.228],[0.834,-0.127],[-0.051,-0.011],[0.529,2.178],[4.674,-2.342],[-0.152,-2.188]],"o":[[1.104,0.42],[0.7,-0.63],[2.073,0.349],[-0.051,0.008],[0.994,0.203],[-0.613,-2.521],[-6.926,3.471],[0.061,0.886]],"v":[[-0.447,3.821],[2.769,3.134],[5.902,2.083],[4.629,2.995],[4.627,3.087],[8.714,1.712],[-2.316,-1.9],[-1.854,2.166]],"c":true}},"nm":"Path 1","hd":false},{"ty":"st","c":{"a":0,"k":[0.729411764706,0.321568627451,0.258823529412,1]},"o":{"a":0,"k":100},"w":{"a":0,"k":1},"lc":1,"lj":1,"ml":10,"bm":0,"nm":"Stroke 1","hd":false},{"ty":"fl","c":{"a":0,"k":[0.956862804936,0.541176470588,0.458823559331,1]},"o":{"a":0,"k":100},"r":1,"bm":0,"nm":"Fill 1","hd":false},{"ty":"tr","p":{"a":0,"k":[95.462,103.893]},"a":{"a":0,"k":[0,0]},"s":{"a":0,"k":[100,100]},"r":{"a":0,"k":0},"o":{"a":0,"k":100},"sk":{"a":0,"k":0},"sa":{"a":0,"k":0},"nm":"Transform"}],"nm":"Group 1","bm":0,"hd":false},{"ty":"gr","it":[{"ind":0,"ty":"sh","ks":{"a":0,"k":{"i":[[-0.12,-1.279],[3.353,-0.315],[0.12,1.28],[-3.352,0.315]],"o":[[0.12,1.279],[-3.353,0.315],[-0.12,-1.279],[3.353,-0.315]],"v":[[6.693,0.659],[-0.014,2.176],[-6.693,-1.147],[-0.021,-2.176]],"c":true}},"nm":"Path 1","hd":false},{"ty":"fl","c":{"a":0,"k":[0.305882352941,0.160784313725,0.066666666667,1]},"o":{"a":0,"k":100},"r":1,"bm":0,"nm":"Fill 1","hd":false},{"ty":"tr","p":{"a":0,"k":[97.374,105.224]},"a":{"a":0,"k":[0,0]},"s":{"a":0,"k":[100,100]},"r":{"a":0,"k":0},"o":{"a":0,"k":100},"sk":{"a":0,"k":0},"sa":{"a":0,"k":0},"nm":"Transform"}],"nm":"Group 2","bm":0,"hd":false},{"ty":"gr","it":[{"ind":0,"ty":"sh","ks":{"a":0,"k":{"i":[[0.646,-8.963],[8.933,-0.67],[2.607,10.22],[-12.727,-0.917]],"o":[[-0.646,8.963],[-9.431,0.706],[-2.222,-8.708],[12.728,0.917]],"v":[[23.373,0.603],[1.778,16.176],[-21.796,-1.918],[1.728,-15.965]],"c":true}},"nm":"Path 1","hd":false},{"ty":"st","c":{"a":0,"k":[0.380392186782,0.305882352941,0.141176470588,1]},"o":{"a":0,"k":100},"w":{"a":0,"k":1},"lc":1,"lj":1,"ml":10,"bm":0,"nm":"Stroke 1","hd":false},{"ty":"fl","c":{"a":0,"k":[0.976470648074,0.870588295133,0.603921568627,1]},"o":{"a":0,"k":100},"r":1,"bm":0,"nm":"Fill 1","hd":false},{"ty":"tr","p":{"a":0,"k":[96.051,119.193]},"a":{"a":0,"k":[0,0]},"s":{"a":0,"k":[100,100]},"r":{"a":0,"k":0},"o":{"a":0,"k":100},"sk":{"a":0,"k":0},"sa":{"a":0,"k":0},"nm":"Transform"}],"nm":"Group 3","bm":0,"hd":false},{"ty":"gr","it":[{"ind":0,"ty":"sh","ks":{"a":0,"k":{"i":[[0,0],[0.173,0.156],[1.27,13.975],[-8.723,-0.058],[0,0],[-14.348,-6.907],[21.717,-16.135]],"o":[[0,0],[-1.564,-1.421],[-1.41,-15.517],[8.724,0.058],[0,0],[14.347,6.907],[0,0]],"v":[[-22.549,22.568],[-22.817,22.333],[-33.582,-0.903],[-19.055,-21.389],[-4.686,-12.523],[20.645,-22.198],[11.564,29.105]],"c":true}},"nm":"Path 1","hd":false},{"ty":"st","c":{"a":0,"k":[0.380392186782,0.305882352941,0.141176470588,1]},"o":{"a":0,"k":100},"w":{"a":0,"k":1},"lc":1,"lj":1,"ml":10,"bm":0,"nm":"Stroke 1","hd":false},{"ty":"fl","c":{"a":0,"k":[0.976470648074,0.870588295133,0.603921568627,1]},"o":{"a":0,"k":100},"r":1,"bm":0,"nm":"Fill 1","hd":false},{"ty":"tr","p":{"a":0,"k":[105.249,85.038]},"a":{"a":0,"k":[0,0]},"s":{"a":0,"k":[100,100]},"r":{"a":0,"k":0},"o":{"a":0,"k":100},"sk":{"a":0,"k":0},"sa":{"a":0,"k":0},"nm":"Transform"}],"nm":"Group 4","bm":0,"hd":false},{"ty":"gr","it":[{"ty":"gr","it":[{"ind":0,"ty":"sh","ks":{"a":0,"k":{"i":[[3.389,2.773],[10.911,-4.27],[-6.775,-29.363],[-12.152,-21.512],[-2.182,4.247],[-12.734,-7.769],[-4.23,6.628],[0,0],[3.587,-7.898],[0.949,11.732],[2.167,-8.571],[0.228,14.943],[0,0],[-0.542,14.317],[7.936,6.445],[-7.777,16.242],[-0.501,-10.864],[-0.007,-0.109],[-0.861,5.158],[0,0]],"o":[[0,0],[-10.912,4.271],[0,0],[0,0],[0,0],[0,0],[0,0],[0,0],[0,0],[0,0],[0,0],[0,0],[0,0],[0.543,-14.317],[-7.937,-6.445],[0,0],[0.005,0.107],[0,0],[0,0],[0,0]],"v":[[-0.828,-47.587],[-10.365,-35.224],[-34.737,7.555],[-36.555,39.561],[-34.077,25.547],[-26.285,49.844],[-25.585,35.621],[12.22,41.852],[15.158,52.016],[23.137,37.501],[26.545,47.942],[34.853,26.6],[36.681,31.788],[48.164,3.742],[34.898,-24.947],[15.804,-52.016],[8.858,-38.809],[8.875,-38.486],[5.148,-47.89],[1.584,-39.175]],"c":true}},"nm":"Path 1","hd":false},{"ty":"st","c":{"a":0,"k":[0.400000029919,0.239215701234,0.086274509804,1]},"o":{"a":0,"k":100},"w":{"a":0,"k":1},"lc":1,"lj":1,"ml":10,"bm":0,"nm":"Stroke 1","hd":false},{"ty":"fl","c":{"a":0,"k":[0.666666666667,0.431372578939,0.164705882353,1]},"o":{"a":0,"k":100},"r":1,"bm":0,"nm":"Fill 1","hd":false},{"ty":"tr","p":{"a":0,"k":[102.164,81.087]},"a":{"a":0,"k":[0,0]},"s":{"a":0,"k":[100,100]},"r":{"a":0,"k":0},"o":{"a":0,"k":100},"sk":{"a":0,"k":0},"sa":{"a":0,"k":0},"nm":"Transform"}],"nm":"Group 5","bm":0,"hd":false},{"ty":"gr","it":[{"ind":0,"ty":"sh","ks":{"a":0,"k":{"i":[[0,0],[-10.363,10.998],[0,0],[-1.844,7.48],[0,0],[-0.131,10.866],[0,0],[0,0],[0,0],[0,0]],"o":[[0,0],[0,0],[0,0],[0,0],[0,0],[0.13,-10.866],[0,0],[0,0],[0,0],[0,0]],"v":[[-22.32,20.361],[1.114,18.135],[1.05,22.046],[12.803,12.887],[13.711,18.39],[23.833,-1.326],[23.262,-26.598],[0.171,-29.133],[-20.936,-16.951],[-23.963,3.929]],"c":true}},"nm":"Path 1","hd":false},{"ty":"fl","c":{"a":0,"k":[0.572549019608,0.349019607843,0.141176470588,1]},"o":{"a":0,"k":100},"r":1,"bm":0,"nm":"Fill 1","hd":false},{"ty":"tr","p":{"a":0,"k":[114.314,113.716]},"a":{"a":0,"k":[0,0]},"s":{"a":0,"k":[100,100]},"r":{"a":0,"k":0},"o":{"a":0,"k":100},"sk":{"a":0,"k":0},"sa":{"a":0,"k":0},"nm":"Transform"}],"nm":"Group 6","bm":0,"hd":false},{"ty":"tr","p":{"a":0,"k":[105.503,83.231]},"a":{"a":0,"k":[105.503,83.231]},"s":{"a":0,"k":[100,100]},"r":{"a":1,"k":[{"i":{"x":[0.833],"y":[0.833]},"o":{"x":[0.167],"y":[0.167]},"t":0,"s":[0]},{"i":{"x":[0.833],"y":[0.833]},"o":{"x":[0.167],"y":[0.167]},"t":8.872,"s":[-6]},{"t":33.51953125,"s":[1]}]},"o":{"a":0,"k":100},"sk":{"a":0,"k":0},"sa":{"a":0,"k":0},"nm":"Transform"}],"nm":"Group 5","bm":0,"hd":false}],"ip":0,"op":30,"st":0,"bm":0},{"ddd":0,"ind":6,"ty":4,"nm":"r-ear Outlines","parent":5,"sr":1,"ks":{"p":{"a":0,"k":[73.412,86.883,0]},"a":{"a":0,"k":[73.412,86.883,0]}},"ao":0,"shapes":[{"ty":"gr","it":[{"ind":0,"ty":"sh","ks":{"a":0,"k":{"i":[[0,0],[-8.204,-5.377]],"o":[[0,0],[0,0]],"v":[[2.153,-5.345],[4.102,5.345]],"c":false}},"nm":"Path 1","hd":false},{"ty":"st","c":{"a":0,"k":[0.380392186782,0.305882352941,0.141176470588,1]},"o":{"a":0,"k":100},"w":{"a":0,"k":1},"lc":1,"lj":1,"ml":10,"bm":0,"nm":"Stroke 1","hd":false},{"ty":"fl","c":{"a":0,"k":[0.976470648074,0.870588295133,0.603921568627,1]},"o":{"a":0,"k":100},"r":1,"bm":0,"nm":"Fill 1","hd":false},{"ty":"tr","p":{"a":0,"k":[64.177,82.516]},"a":{"a":0,"k":[0,0]},"s":{"a":0,"k":[100,100]},"r":{"a":0,"k":0},"o":{"a":0,"k":100},"sk":{"a":0,"k":0},"sa":{"a":0,"k":0},"nm":"Transform"}],"nm":"Group 1","bm":0,"hd":false},{"ty":"gr","it":[{"ind":0,"ty":"sh","ks":{"a":0,"k":{"i":[[0,0],[11.083,0.146]],"o":[[0,0],[0,0]],"v":[[8.201,5.43],[-8.201,-5.43]],"c":false}},"nm":"Path 1","hd":false},{"ty":"st","c":{"a":0,"k":[0.380392186782,0.305882352941,0.141176470588,1]},"o":{"a":0,"k":100},"w":{"a":0,"k":1},"lc":1,"lj":1,"ml":10,"bm":0,"nm":"Stroke 1","hd":false},{"ty":"fl","c":{"a":0,"k":[0.976470648074,0.870588295133,0.603921568627,1]},"o":{"a":0,"k":100},"r":1,"bm":0,"nm":"Fill 1","hd":false},{"ty":"tr","p":{"a":0,"k":[64.223,79.248]},"a":{"a":0,"k":[0,0]},"s":{"a":0,"k":[100,100]},"r":{"a":0,"k":0},"o":{"a":0,"k":100},"sk":{"a":0,"k":0},"sa":{"a":0,"k":0},"nm":"Transform"}],"nm":"Group 2","bm":0,"hd":false},{"ty":"gr","it":[{"ind":0,"ty":"sh","ks":{"a":0,"k":{"i":[[0,0],[10.666,-1.624],[-8.141,-7.764],[-4.048,9.388]],"o":[[0,0],[-10.667,1.624],[8.141,7.765],[0,0]],"v":[[15.651,-5.869],[-4.984,-16.818],[-6.662,7.966],[14.467,9.054]],"c":false}},"nm":"Path 1","hd":false},{"ty":"st","c":{"a":0,"k":[0.380392186782,0.305882352941,0.141176470588,1]},"o":{"a":0,"k":100},"w":{"a":0,"k":1},"lc":1,"lj":1,"ml":10,"bm":0,"nm":"Stroke 1","hd":false},{"ty":"fl","c":{"a":0,"k":[0.976470648074,0.870588295133,0.603921568627,1]},"o":{"a":0,"k":100},"r":1,"bm":0,"nm":"Fill 1","hd":false},{"ty":"tr","p":{"a":0,"k":[62.025,82.552]},"a":{"a":0,"k":[0,0]},"s":{"a":0,"k":[100,100]},"r":{"a":0,"k":0},"o":{"a":0,"k":100},"sk":{"a":0,"k":0},"sa":{"a":0,"k":0},"nm":"Transform"}],"nm":"Group 3","bm":0,"hd":false}],"ip":0,"op":30,"st":0,"bm":0},{"ddd":0,"ind":7,"ty":4,"nm":"r_h Outlines 2","parent":13,"sr":1,"ks":{"r":{"a":1,"k":[{"i":{"x":[0.833],"y":[1]},"o":{"x":[0.333],"y":[0]},"t":4,"s":[0]},{"i":{"x":[0.833],"y":[1]},"o":{"x":[0.167],"y":[0]},"t":13.044,"s":[9]},{"t":36.83203125,"s":[0]}]},"p":{"a":0,"k":[102.412,144.883,0]},"a":{"a":0,"k":[102.412,144.883,0]}},"ao":0,"shapes":[{"ty":"gr","it":[{"ind":0,"ty":"sh","ks":{"a":0,"k":{"i":[[0,0],[-40.715,-8.481],[1.181,3.239],[-6.014,3.482],[0,0],[-2.88,20.347],[-3.447,1.056],[0,0],[0,0],[0,0],[0,0],[0,0],[2.336,2.542],[0,0],[3.636,-5.175],[0,0],[12.854,10.279]],"o":[[0,0],[0,0],[0,0],[0,0],[0,0],[0,0],[0,0],[0,0],[0,0],[0,0],[0,0],[0,0],[-0.061,0.081],[0,0],[-3.635,5.176],[0,0],[0,0]],"v":[[-34.932,-4.265],[15.029,23.806],[10.682,19.251],[23.24,20.047],[16.432,17.925],[30.624,-9.98],[34.932,-13.911],[30.488,-14.123],[32.37,-19.099],[27.529,-15.315],[27.456,-21.846],[24.368,-16.739],[22.076,-21.146],[21.628,-20.96],[18.783,-8.659],[8.986,2.054],[-17.223,-10.057]],"c":false}},"nm":"Path 1","hd":false},{"ty":"st","c":{"a":0,"k":[0.400000029919,0.239215701234,0.086274509804,1]},"o":{"a":0,"k":100},"w":{"a":0,"k":1},"lc":1,"lj":1,"ml":10,"bm":0,"nm":"Stroke 1","hd":false},{"ty":"fl","c":{"a":0,"k":[0.666666666667,0.431372578939,0.164705882353,1]},"o":{"a":0,"k":100},"r":1,"bm":0,"nm":"Fill 1","hd":false},{"ty":"tr","p":{"a":0,"k":[126.509,148.644]},"a":{"a":0,"k":[0,0]},"s":{"a":0,"k":[100,100]},"r":{"a":0,"k":0},"o":{"a":0,"k":100},"sk":{"a":0,"k":0},"sa":{"a":0,"k":0},"nm":"Transform"}],"nm":"Group 1","bm":0,"hd":false},{"ty":"gr","it":[{"ind":0,"ty":"sh","ks":{"a":0,"k":{"i":[[0,0],[0,0]],"o":[[0,0],[0,0]],"v":[[4.815,-1.733],[-4.815,1.733]],"c":false}},"nm":"Path 1","hd":false},{"ty":"st","c":{"a":0,"k":[0.380392186782,0.305882352941,0.141176470588,1]},"o":{"a":0,"k":100},"w":{"a":0,"k":1},"lc":1,"lj":1,"ml":10,"bm":0,"nm":"Stroke 1","hd":false},{"ty":"fl","c":{"a":0,"k":[0.976470648074,0.870588295133,0.603921568627,1]},"o":{"a":0,"k":100},"r":1,"bm":0,"nm":"Fill 1","hd":false},{"ty":"tr","p":{"a":0,"k":[158.559,116.051]},"a":{"a":0,"k":[0,0]},"s":{"a":0,"k":[100,100]},"r":{"a":0,"k":0},"o":{"a":0,"k":100},"sk":{"a":0,"k":0},"sa":{"a":0,"k":0},"nm":"Transform"}],"nm":"Group 2","bm":0,"hd":false}],"ip":0,"op":30,"st":0,"bm":0},{"ddd":0,"ind":8,"ty":4,"nm":"r_wrist Outlines","parent":7,"sr":1,"ks":{"r":{"a":1,"k":[{"i":{"x":[0.833],"y":[1]},"o":{"x":[0.333],"y":[0]},"t":4.128,"s":[0]},{"i":{"x":[0.667],"y":[1]},"o":{"x":[0.167],"y":[0]},"t":13,"s":[0]},{"t":36.9599609375,"s":[0]}]},"p":{"a":0,"k":[155.662,131.383,0]},"a":{"a":0,"k":[155.662,131.383,0]}},"ao":0,"shapes":[{"ty":"gr","it":[{"ind":0,"ty":"sh","ks":{"a":0,"k":{"i":[[0,0],[0,0],[0,0],[-0.873,-2.591],[0,0],[-0.659,-3.31],[0,0],[0.663,-2.399],[0,0],[2.093,-1.888],[0,0],[0,0],[0,0],[-0.797,3.124],[0.165,4.498]],"o":[[0,0],[0,0],[0,0],[0.874,2.592],[0,0],[0.658,3.31],[0,0],[-0.662,2.399],[0,0],[-2.094,1.888],[0,0],[0,0],[0,0],[0,0],[-0.166,-4.498]],"v":[[-0.749,-13.617],[-0.551,-8.818],[8.126,-11.51],[12.57,-9.803],[9.175,-4.582],[12.449,-1.328],[9.154,2.512],[10.751,6.38],[8.229,8.563],[9.143,11.729],[-1.314,11.954],[-9.245,13.34],[-10.603,6.146],[-9.34,-1.186],[-13.277,-6.527]],"c":true}},"nm":"Path 1","hd":false},{"ty":"st","c":{"a":0,"k":[0.380392186782,0.305882352941,0.141176470588,1]},"o":{"a":0,"k":100},"w":{"a":0,"k":1},"lc":1,"lj":1,"ml":10,"bm":0,"nm":"Stroke 1","hd":false},{"ty":"fl","c":{"a":0,"k":[0.976470648074,0.870588295133,0.603921568627,1]},"o":{"a":0,"k":100},"r":1,"bm":0,"nm":"Fill 1","hd":false},{"ty":"tr","p":{"a":0,"k":[159.679,124.352]},"a":{"a":0,"k":[0,0]},"s":{"a":0,"k":[100,100]},"r":{"a":0,"k":0},"o":{"a":0,"k":100},"sk":{"a":0,"k":0},"sa":{"a":0,"k":0},"nm":"Transform"}],"nm":"Group 1","bm":0,"hd":false}],"ip":0,"op":30,"st":0,"bm":0},{"ddd":0,"ind":9,"ty":4,"nm":"r_l Outlines","parent":13,"sr":1,"ks":{"r":{"a":1,"k":[{"i":{"x":[0.833],"y":[1]},"o":{"x":[0.167],"y":[0]},"t":0,"s":[0]},{"i":{"x":[0.833],"y":[1]},"o":{"x":[0.167],"y":[0]},"t":8.872,"s":[2]},{"t":34.3798828125,"s":[0]}]},"p":{"a":0,"k":[111.912,185.883,0]},"a":{"a":0,"k":[111.912,185.883,0]}},"ao":0,"shapes":[{"ty":"gr","it":[{"ind":0,"ty":"sh","ks":{"a":0,"k":{"i":[[0,0],[-11.501,-9.421],[-3.684,-15.274],[-4.434,-3.365],[0,0],[5.015,1.34],[0,0],[0,0],[2.761,-3.606],[8.889,9.451],[1.415,10.543]],"o":[[0,0],[0,0],[3.684,15.273],[4.434,3.364],[0,0],[0,0],[0,0],[0,0],[0,0],[-8.89,-9.449],[0,0]],"v":[[-28.707,-28.73],[0.543,-25.643],[9.303,-6.85],[19.975,18.607],[28.707,21.194],[21.749,24.172],[23.021,29.158],[16.384,26.178],[14.439,35.064],[4.486,20.752],[-11.739,-10.651]],"c":false}},"nm":"Path 1","hd":false},{"ty":"st","c":{"a":0,"k":[0.400000029919,0.239215701234,0.086274509804,1]},"o":{"a":0,"k":100},"w":{"a":0,"k":1},"lc":1,"lj":1,"ml":10,"bm":0,"nm":"Stroke 1","hd":false},{"ty":"fl","c":{"a":0,"k":[0.666666666667,0.431372578939,0.164705882353,1]},"o":{"a":0,"k":100},"r":1,"bm":0,"nm":"Fill 1","hd":false},{"ty":"tr","p":{"a":0,"k":[136.566,212.782]},"a":{"a":0,"k":[0,0]},"s":{"a":0,"k":[100,100]},"r":{"a":0,"k":0},"o":{"a":0,"k":100},"sk":{"a":0,"k":0},"sa":{"a":0,"k":0},"nm":"Transform"}],"nm":"Group 1","bm":0,"hd":false}],"ip":0,"op":30,"st":0,"bm":0},{"ddd":0,"ind":10,"ty":4,"nm":"r_foot Outlines","parent":9,"sr":1,"ks":{"p":{"a":0,"k":[154.412,238.883,0]},"a":{"a":0,"k":[154.412,238.883,0]}},"ao":0,"shapes":[{"ty":"gr","it":[{"ind":0,"ty":"sh","ks":{"a":0,"k":{"i":[[0,0],[6.388,4.919]],"o":[[0,0],[0,0]],"v":[[2.077,5.682],[-3.194,-5.682]],"c":false}},"nm":"Path 1","hd":false},{"ty":"st","c":{"a":0,"k":[0.380392186782,0.305882352941,0.141176470588,1]},"o":{"a":0,"k":100},"w":{"a":0,"k":1},"lc":1,"lj":1,"ml":10,"bm":0,"nm":"Stroke 1","hd":false},{"ty":"fl","c":{"a":0,"k":[0.976470648074,0.870588295133,0.603921568627,1]},"o":{"a":0,"k":100},"r":1,"bm":0,"nm":"Fill 1","hd":false},{"ty":"tr","p":{"a":0,"k":[173.532,246.331]},"a":{"a":0,"k":[0,0]},"s":{"a":0,"k":[100,100]},"r":{"a":0,"k":0},"o":{"a":0,"k":100},"sk":{"a":0,"k":0},"sa":{"a":0,"k":0},"nm":"Transform"}],"nm":"Group 1","bm":0,"hd":false},{"ty":"gr","it":[{"ind":0,"ty":"sh","ks":{"a":0,"k":{"i":[[0,0],[6.968,4.418]],"o":[[0,0],[0,0]],"v":[[2.064,6.78],[-3.484,-6.78]],"c":false}},"nm":"Path 1","hd":false},{"ty":"st","c":{"a":0,"k":[0.380392186782,0.305882352941,0.141176470588,1]},"o":{"a":0,"k":100},"w":{"a":0,"k":1},"lc":1,"lj":1,"ml":10,"bm":0,"nm":"Stroke 1","hd":false},{"ty":"fl","c":{"a":0,"k":[0.976470648074,0.870588295133,0.603921568627,1]},"o":{"a":0,"k":100},"r":1,"bm":0,"nm":"Fill 1","hd":false},{"ty":"tr","p":{"a":0,"k":[170.109,252.163]},"a":{"a":0,"k":[0,0]},"s":{"a":0,"k":[100,100]},"r":{"a":0,"k":0},"o":{"a":0,"k":100},"sk":{"a":0,"k":0},"sa":{"a":0,"k":0},"nm":"Transform"}],"nm":"Group 2","bm":0,"hd":false},{"ty":"gr","it":[{"ind":0,"ty":"sh","ks":{"a":0,"k":{"i":[[0,0],[-12.471,-4.079],[-0.144,-0.046],[1.52,-7.503],[-1.892,-0.897],[-1.419,6.097],[-0.344,6.283],[1.04,5.186],[9.097,-0.976],[0,0]],"o":[[0,0],[0.14,0.046],[0,0],[0,0],[1.893,0.898],[0,0],[0,0],[-1.04,-5.187],[0,0],[0,0]],"v":[[-13.572,-6.66],[0.277,3.367],[0.703,3.504],[1.686,12.492],[0.208,16.41],[7.872,9.676],[11.346,2.204],[12.533,-3.691],[-2.036,-14.311],[-10.413,-17.308]],"c":false}},"nm":"Path 1","hd":false},{"ty":"st","c":{"a":0,"k":[0.380392186782,0.305882352941,0.141176470588,1]},"o":{"a":0,"k":100},"w":{"a":0,"k":1},"lc":1,"lj":1,"ml":10,"bm":0,"nm":"Stroke 1","hd":false},{"ty":"fl","c":{"a":0,"k":[0.976470648074,0.870588295133,0.603921568627,1]},"o":{"a":0,"k":100},"r":1,"bm":0,"nm":"Fill 1","hd":false},{"ty":"tr","p":{"a":0,"k":[164.302,249.267]},"a":{"a":0,"k":[0,0]},"s":{"a":0,"k":[100,100]},"r":{"a":0,"k":0},"o":{"a":0,"k":100},"sk":{"a":0,"k":0},"sa":{"a":0,"k":0},"nm":"Transform"}],"nm":"Group 3","bm":0,"hd":false}],"ip":0,"op":30,"st":0,"bm":0},{"ddd":0,"ind":11,"ty":4,"nm":"l_wrist Outlines","parent":12,"sr":1,"ks":{"p":{"a":0,"k":[20.072,257.742,0]},"a":{"a":0,"k":[156.412,56.883,0]}},"ao":0,"shapes":[{"ty":"gr","it":[{"ind":0,"ty":"sh","ks":{"a":0,"k":{"i":[[0,0],[-9.685,-1.432]],"o":[[0,0],[0,0]],"v":[[-6.728,2.964],[6.728,-1.532]],"c":false}},"nm":"Path 1","hd":false},{"ty":"st","c":{"a":0,"k":[0.380392186782,0.305882352941,0.141176470588,1]},"o":{"a":0,"k":100},"w":{"a":0,"k":1},"lc":1,"lj":1,"ml":10,"bm":0,"nm":"Stroke 1","hd":false},{"ty":"fl","c":{"a":0,"k":[0.976470648074,0.870588295133,0.603921568627,1]},"o":{"a":0,"k":100},"r":1,"bm":0,"nm":"Fill 1","hd":false},{"ty":"tr","p":{"a":0,"k":[156.816,32.011]},"a":{"a":0,"k":[0,0]},"s":{"a":0,"k":[100,100]},"r":{"a":0,"k":0},"o":{"a":0,"k":100},"sk":{"a":0,"k":0},"sa":{"a":0,"k":0},"nm":"Transform"}],"nm":"Group 1","bm":0,"hd":false},{"ty":"gr","it":[{"ind":0,"ty":"sh","ks":{"a":0,"k":{"i":[[0,0],[-8.612,-1.599]],"o":[[0,0],[0,0]],"v":[[-6.742,2.679],[6.742,-1.08]],"c":false}},"nm":"Path 1","hd":false},{"ty":"st","c":{"a":0,"k":[0.380392186782,0.305882352941,0.141176470588,1]},"o":{"a":0,"k":100},"w":{"a":0,"k":1},"lc":1,"lj":1,"ml":10,"bm":0,"nm":"Stroke 1","hd":false},{"ty":"fl","c":{"a":0,"k":[0.976470648074,0.870588295133,0.603921568627,1]},"o":{"a":0,"k":100},"r":1,"bm":0,"nm":"Fill 1","hd":false},{"ty":"tr","p":{"a":0,"k":[157.012,37.692]},"a":{"a":0,"k":[0,0]},"s":{"a":0,"k":[100,100]},"r":{"a":0,"k":0},"o":{"a":0,"k":100},"sk":{"a":0,"k":0},"sa":{"a":0,"k":0},"nm":"Transform"}],"nm":"Group 2","bm":0,"hd":false},{"ty":"gr","it":[{"ind":0,"ty":"sh","ks":{"a":0,"k":{"i":[[4.835,-2.588],[0,0],[-0.262,2.509],[0,0],[-2.779,4.612],[-2.714,2.578],[-3.732,-1.411],[6.546,-2.546],[1.558,2.152],[-4.881,-0.189],[-1.658,-8.684],[7.535,-8.348],[0,0]],"o":[[0,0],[0,0],[0.263,-2.51],[0,0],[0,0],[2.715,-2.577],[0,0],[0,0],[-1.558,-2.151],[4.88,0.189],[1.657,8.684],[0,0],[0,0]],"v":[[-6.207,4.181],[-6.006,7.051],[-10.462,4.364],[-8.495,0.835],[-8.996,-4.666],[-7.955,-10.056],[2.254,-11.359],[-5.528,-15.427],[-9.284,-15.372],[-1.629,-20.856],[10.118,-8.427],[1.696,21.045],[1.677,4.526]],"c":true}},"nm":"Path 1","hd":false},{"ty":"st","c":{"a":0,"k":[0.380392186782,0.305882352941,0.141176470588,1]},"o":{"a":0,"k":100},"w":{"a":0,"k":1},"lc":1,"lj":1,"ml":10,"bm":0,"nm":"Stroke 1","hd":false},{"ty":"fl","c":{"a":0,"k":[0.976470648074,0.870588295133,0.603921568627,1]},"o":{"a":0,"k":100},"r":1,"bm":0,"nm":"Fill 1","hd":false},{"ty":"tr","p":{"a":0,"k":[159.635,38.783]},"a":{"a":0,"k":[0,0]},"s":{"a":0,"k":[100,100]},"r":{"a":0,"k":0},"o":{"a":0,"k":100},"sk":{"a":0,"k":0},"sa":{"a":0,"k":0},"nm":"Transform"}],"nm":"Group 3","bm":0,"hd":false},{"ty":"gr","it":[{"ind":0,"ty":"sh","ks":{"a":0,"k":{"i":[[0,0],[0,0],[0.002,4.486]],"o":[[0,0],[0,0],[-0.003,-4.486]],"v":[[2.773,-9.346],[1.741,9.346],[-2.77,2.903]],"c":true}},"nm":"Path 1","hd":false},{"ty":"st","c":{"a":0,"k":[0.380392186782,0.305882352941,0.141176470588,1]},"o":{"a":0,"k":100},"w":{"a":0,"k":1},"lc":1,"lj":1,"ml":10,"bm":0,"nm":"Stroke 1","hd":false},{"ty":"fl","c":{"a":0,"k":[0.976470648074,0.870588295133,0.603921568627,1]},"o":{"a":0,"k":100},"r":1,"bm":0,"nm":"Fill 1","hd":false},{"ty":"tr","p":{"a":0,"k":[152.952,50.023]},"a":{"a":0,"k":[0,0]},"s":{"a":0,"k":[100,100]},"r":{"a":0,"k":0},"o":{"a":0,"k":100},"sk":{"a":0,"k":0},"sa":{"a":0,"k":0},"nm":"Transform"}],"nm":"Group 4","bm":0,"hd":false}],"ip":0,"op":30,"st":0,"bm":0},{"ddd":0,"ind":12,"ty":4,"nm":"creeper Outlines","sr":1,"ks":{"r":{"a":1,"k":[{"i":{"x":[0.58],"y":[1]},"o":{"x":[0.497],"y":[0]},"t":0,"s":[0]},{"i":{"x":[0.819],"y":[1]},"o":{"x":[0.179],"y":[0]},"t":8,"s":[2]},{"i":{"x":[0.833],"y":[1]},"o":{"x":[0.32],"y":[-0.018]},"t":29,"s":[-23.403]},{"t":49,"s":[0]}]},"p":{"a":0,"k":[177.391,-68.308,0]},"a":{"a":0,"k":[32.801,-1.948,0]}},"ao":0,"shapes":[{"ty":"gr","it":[{"ind":0,"ty":"sh","ks":{"a":0,"k":{"i":[[0,0],[10.093,-36.689],[0,0],[0,0],[14.874,-53.066],[-3.386,-14.25],[26.497,-63.222],[22.841,-54.051],[7.26,-39.309],[-10.624,52.418],[0.797,-18.672],[1.062,8.189],[-13.812,33.085],[2.39,8.845],[7.171,9.828],[-2.656,6.88],[-0.266,8.517],[-17.53,-22.931],[-7.437,29.81],[-0.266,13.431],[0.265,8.844],[0,0]],"o":[[0,0],[0,0],[0,0],[0,0],[0,0],[0,0],[0,0],[0,0],[0,0],[0,0],[0,0],[0,0],[0,0],[0,0],[0,0],[0,0],[0,0],[0,0],[0,0],[0,0],[0,0],[0,0]],"v":[[-1.663,-309.856],[11.617,-224.687],[-8.038,-159.827],[-2.725,-121.828],[-4.319,-88.416],[-2.659,-34.365],[3.054,85.2],[4.712,175.939],[3.207,243.747],[-2.46,148.094],[0.727,160.871],[4.712,127.785],[-2.991,68.166],[7.102,34.753],[-12.553,-12.418],[-8.834,-93.657],[-23.708,-108.725],[-12.021,-132.31],[-13.35,-177.188],[4.712,-241.393],[-7.506,-278.409],[-8.303,-309.856]],"c":true}},"nm":"Path 1","hd":false},{"ty":"fl","c":{"a":0,"k":[0.011764706817,0.18431372549,0.011764706817,1]},"o":{"a":0,"k":100},"r":1,"bm":0,"nm":"Fill 1","hd":false},{"ty":"tr","p":{"a":0,"k":[29.801,310.106]},"a":{"a":0,"k":[0,0]},"s":{"a":0,"k":[100,100]},"r":{"a":0,"k":0},"o":{"a":0,"k":100},"sk":{"a":0,"k":0},"sa":{"a":0,"k":0},"nm":"Transform"}],"nm":"Group 1","bm":0,"hd":false}],"ip":0,"op":50,"st":0,"bm":0},{"ddd":0,"ind":13,"ty":4,"nm":"Body Outlines","parent":12,"sr":1,"ks":{"r":{"a":1,"k":[{"i":{"x":[0.583],"y":[1]},"o":{"x":[0.791],"y":[0]},"t":0,"s":[0]},{"i":{"x":[0.833],"y":[1]},"o":{"x":[0.167],"y":[0]},"t":9,"s":[5]},{"t":29,"s":[-12]}]},"p":{"a":0,"k":[19.072,262.742,0]},"a":{"a":0,"k":[155.412,61.883,0]},"s":{"a":1,"k":[{"i":{"x":[0.667,0.667,0.667],"y":[1,1,1]},"o":{"x":[0.333,0.333,0.333],"y":[0,0,0]},"t":0,"s":[100,100,100]},{"i":{"x":[0.667,0.667,0.667],"y":[1,1,1]},"o":{"x":[0.333,0.333,0.333],"y":[0,0,0]},"t":8.872,"s":[100,102,100]},{"t":30,"s":[100,100,100]}]}},"ao":0,"shapes":[{"ty":"gr","it":[{"ind":0,"ty":"sh","ks":{"a":0,"k":{"i":[[-5.661,24.225],[-7.177,2.256],[-3.895,-18.388],[9.021,-2.938]],"o":[[0,0],[7.178,-2.256],[3.894,18.388],[-9.021,2.939]],"v":[[-15.942,-23.55],[-8.505,-33.944],[17.709,-1.549],[11.774,33.26]],"c":true}},"nm":"Path 1","hd":false},{"ty":"fl","c":{"a":0,"k":[0.976470648074,0.870588295133,0.603921568627,1]},"o":{"a":0,"k":100},"r":1,"bm":0,"nm":"Fill 1","hd":false},{"ty":"tr","p":{"a":0,"k":[130.689,168.62]},"a":{"a":0,"k":[0,0]},"s":{"a":0,"k":[100,100]},"r":{"a":0,"k":0},"o":{"a":0,"k":100},"sk":{"a":0,"k":0},"sa":{"a":0,"k":0},"nm":"Transform"}],"nm":"Group 1","bm":0,"hd":false},{"ty":"gr","it":[{"ind":0,"ty":"sh","ks":{"a":0,"k":{"i":[[0,0],[0.257,-0.648],[4.234,-7.393],[-4.364,-9.613],[0.325,-18.084],[20.59,-2.756],[2.678,17.159],[0,0],[0,0],[0,0],[0.019,6.526]],"o":[[0,0],[-2.527,6.367],[-4.666,8.147],[4.364,9.614],[-0.324,18.085],[-20.59,2.758],[-2.679,-17.159],[0,0],[0,0],[0,0],[-0.019,-6.527]],"v":[[38.072,-78.508],[35.41,-66.88],[14.781,-18.337],[11.229,6.04],[28.749,54.937],[-1.757,82.102],[-35.393,37.264],[-34.415,-5.732],[14.828,-55.201],[21.832,-59.59],[26.609,-78.332]],"c":true}},"nm":"Path 1","hd":false},{"ty":"st","c":{"a":0,"k":[0.400000029919,0.239215701234,0.086274509804,1]},"o":{"a":0,"k":100},"w":{"a":0,"k":1},"lc":1,"lj":1,"ml":10,"bm":0,"nm":"Stroke 1","hd":false},{"ty":"fl","c":{"a":0,"k":[0.666666666667,0.431372578939,0.164705882353,1]},"o":{"a":0,"k":100},"r":1,"bm":0,"nm":"Fill 1","hd":false},{"ty":"tr","p":{"a":0,"k":[125.442,133.596]},"a":{"a":0,"k":[0,0]},"s":{"a":0,"k":[100,100]},"r":{"a":0,"k":0},"o":{"a":0,"k":100},"sk":{"a":0,"k":0},"sa":{"a":0,"k":0},"nm":"Transform"}],"nm":"Group 2","bm":0,"hd":false}],"ip":0,"op":30,"st":0,"bm":0},{"ddd":0,"ind":14,"ty":4,"nm":"l_foot Outlines","parent":15,"sr":1,"ks":{"p":{"a":0,"k":[167.912,202.633,0]},"a":{"a":0,"k":[167.912,202.633,0]}},"ao":0,"shapes":[{"ty":"gr","it":[{"ind":0,"ty":"sh","ks":{"a":0,"k":{"i":[[0,0],[11.477,0.337]],"o":[[0,0],[0,0]],"v":[[7.476,-2.607],[-7.476,2.27]],"c":false}},"nm":"Path 1","hd":false},{"ty":"st","c":{"a":0,"k":[0.380392186782,0.305882352941,0.141176470588,1]},"o":{"a":0,"k":100},"w":{"a":0,"k":1},"lc":1,"lj":1,"ml":10,"bm":0,"nm":"Stroke 1","hd":false},{"ty":"fl","c":{"a":0,"k":[0.976470648074,0.870588295133,0.603921568627,1]},"o":{"a":0,"k":100},"r":1,"bm":0,"nm":"Fill 1","hd":false},{"ty":"tr","p":{"a":0,"k":[171.777,221.413]},"a":{"a":0,"k":[0,0]},"s":{"a":0,"k":[100,100]},"r":{"a":0,"k":0},"o":{"a":0,"k":100},"sk":{"a":0,"k":0},"sa":{"a":0,"k":0},"nm":"Transform"}],"nm":"Group 1","bm":0,"hd":false},{"ty":"gr","it":[{"ind":0,"ty":"sh","ks":{"a":0,"k":{"i":[[0,0],[10.289,-1.298]],"o":[[0,0],[0,0]],"v":[[7.485,-3.131],[-7.485,3.131]],"c":false}},"nm":"Path 1","hd":false},{"ty":"st","c":{"a":0,"k":[0.380392186782,0.305882352941,0.141176470588,1]},"o":{"a":0,"k":100},"w":{"a":0,"k":1},"lc":1,"lj":1,"ml":10,"bm":0,"nm":"Stroke 1","hd":false},{"ty":"fl","c":{"a":0,"k":[0.976470648074,0.870588295133,0.603921568627,1]},"o":{"a":0,"k":100},"r":1,"bm":0,"nm":"Fill 1","hd":false},{"ty":"tr","p":{"a":0,"k":[170.253,216.934]},"a":{"a":0,"k":[0,0]},"s":{"a":0,"k":[100,100]},"r":{"a":0,"k":0},"o":{"a":0,"k":100},"sk":{"a":0,"k":0},"sa":{"a":0,"k":0},"nm":"Transform"}],"nm":"Group 2","bm":0,"hd":false},{"ty":"gr","it":[{"ind":0,"ty":"sh","ks":{"a":0,"k":{"i":[[-4.876,2.015],[-4.029,-4.214],[-0.079,-0.088],[-2.595,-1.329],[1.433,-1.773],[3.122,-4.832],[4.332,-3.522],[1.923,2.749],[0,0],[-1.891,2.473],[-0.204,2.841],[0,0],[-5.555,4.656],[0,0],[1.748,2.9],[2.093,-0.746],[-0.611,2.812]],"o":[[0,0],[0.08,0.083],[0,0],[2.596,1.329],[0,0],[0,0],[-4.332,3.52],[0,0],[0,0],[0,0],[0.205,-2.84],[0,0],[0,0],[0,0],[0,0],[0,0],[0.61,-2.81]],"v":[[-4.003,-12.893],[4.77,-10.297],[5.008,-10.04],[8.756,-6.589],[8.224,0.795],[9.496,5.78],[8.224,10.991],[-5.039,11.666],[-4.609,10.228],[-6.137,6.53],[-10.111,2.817],[-6.644,2.252],[4.03,-3.259],[-1.934,-3.119],[-6.935,-5.029],[-10.015,-1.907],[-12.007,-4.824]],"c":true}},"nm":"Path 1","hd":false},{"ty":"st","c":{"a":0,"k":[0.380392186782,0.305882352941,0.141176470588,1]},"o":{"a":0,"k":100},"w":{"a":0,"k":1},"lc":1,"lj":1,"ml":10,"bm":0,"nm":"Stroke 1","hd":false},{"ty":"fl","c":{"a":0,"k":[0.976470648074,0.870588295133,0.603921568627,1]},"o":{"a":0,"k":100},"r":1,"bm":0,"nm":"Fill 1","hd":false},{"ty":"tr","p":{"a":0,"k":[169.235,213.478]},"a":{"a":0,"k":[0,0]},"s":{"a":0,"k":[100,100]},"r":{"a":0,"k":0},"o":{"a":0,"k":100},"sk":{"a":0,"k":0},"sa":{"a":0,"k":0},"nm":"Transform"}],"nm":"Group 3","bm":0,"hd":false}],"ip":0,"op":30,"st":0,"bm":0},{"ddd":0,"ind":15,"ty":4,"nm":"l_l Outlines","parent":13,"sr":1,"ks":{"p":{"a":0,"k":[144.423,193.85,0]},"a":{"a":0,"k":[144.423,193.85,0]}},"ao":0,"shapes":[{"ty":"gr","it":[{"ind":0,"ty":"sh","ks":{"a":0,"k":{"i":[[0,0],[-20.391,5.273],[0,0],[-5.439,-3.002],[0,0],[6.365,-18.9],[0,0],[0,0],[0,0],[22.275,-4.267]],"o":[[0,0],[0,0],[0,0],[0,0],[0,0],[-6.365,18.899],[0,0],[0,0],[0,0],[-22.277,4.268]],"v":[[-5.719,-8.587],[30.681,-30.759],[27.324,-26.434],[36.876,-26.18],[32.408,-24.545],[35.903,-3.629],[23.75,26.164],[15.735,16.668],[17.29,1.119],[-19.992,26.491]],"c":false}},"nm":"Path 1","hd":false},{"ty":"st","c":{"a":0,"k":[0.400000029919,0.239215701234,0.086274509804,1]},"o":{"a":0,"k":100},"w":{"a":0,"k":1},"lc":1,"lj":1,"ml":10,"bm":0,"nm":"Stroke 1","hd":false},{"ty":"fl","c":{"a":0,"k":[0.666666666667,0.431372578939,0.164705882353,1]},"o":{"a":0,"k":100},"r":1,"bm":0,"nm":"Fill 1","hd":false},{"ty":"tr","p":{"a":0,"k":[152.617,186.643]},"a":{"a":0,"k":[0,0]},"s":{"a":0,"k":[100,100]},"r":{"a":0,"k":0},"o":{"a":0,"k":100},"sk":{"a":0,"k":0},"sa":{"a":0,"k":0},"nm":"Transform"}],"nm":"Group 1","bm":0,"hd":false}],"ip":0,"op":30,"st":0,"bm":0},{"ddd":0,"ind":16,"ty":4,"nm":"tail Outlines","parent":13,"sr":1,"ks":{"r":{"a":1,"k":[{"i":{"x":[0.833],"y":[1]},"o":{"x":[0.333],"y":[0]},"t":0,"s":[0]},{"i":{"x":[0.667],"y":[1]},"o":{"x":[0.167],"y":[0]},"t":8.872,"s":[12]},{"t":34,"s":[0]}]},"p":{"a":0,"k":[117.162,214.633,0]},"a":{"a":0,"k":[117.162,214.633,0]}},"ao":0,"shapes":[{"ty":"gr","it":[{"ind":0,"ty":"sh","ks":{"a":0,"k":{"i":[[1.367,0.099],[3.839,3.869],[-2.02,21.034],[3.436,8.969],[8.707,2.714],[2.948,-2.93],[-5.612,-20.192],[0.057,-2.188],[2.115,3.354],[0.637,2.483],[-9.161,9.104],[-6.863,-2.139],[3.092,-32.195],[-7.048,-7.104],[-5.275,0.465],[-2.118,12],[0.007,0.099],[0,0],[23.259,-2.052]],"o":[[-5.379,-0.388],[-8.509,-8.576],[1.335,-13.9],[-3.628,-9.47],[-4.561,-1.421],[-7.563,7.516],[0.586,2.108],[-0.104,3.963],[-1.367,-2.168],[-5.752,-22.444],[4.671,-4.641],[20.025,6.243],[-1.809,18.838],[3.447,3.473],[6.785,-0.598],[1.731,-9.803],[0,0],[0.13,1.778],[-1.459,0.128]],"v":[[23.26,57.01],[9.391,50.611],[-0.82,4.019],[-3.986,-30.446],[-22.574,-48.808],[-33.732,-46.567],[-35.38,1.3],[-34.568,7.777],[-41.968,9.81],[-45.005,2.794],[-38.283,-51.145],[-20.653,-54.97],[5.605,4.636],[13.972,46.065],[26.932,50.536],[40.35,31.551],[41.39,11.846],[47.827,11.374],[27.499,56.966]],"c":true}},"nm":"Path 1","hd":false},{"ty":"st","c":{"a":0,"k":[0.400000029919,0.239215701234,0.086274509804,1]},"o":{"a":0,"k":100},"w":{"a":0,"k":1},"lc":1,"lj":1,"ml":10,"bm":0,"nm":"Stroke 1","hd":false},{"ty":"fl","c":{"a":0,"k":[0.666666666667,0.431372578939,0.164705882353,1]},"o":{"a":0,"k":100},"r":1,"bm":0,"nm":"Fill 1","hd":false},{"ty":"tr","p":{"a":0,"k":[73.041,199.574]},"a":{"a":0,"k":[0,0]},"s":{"a":0,"k":[100,100]},"r":{"a":0,"k":0},"o":{"a":0,"k":100},"sk":{"a":0,"k":0},"sa":{"a":0,"k":0},"nm":"Transform"}],"nm":"Group 1","bm":0,"hd":false}],"ip":0,"op":30,"st":0,"bm":0}]}],"layers":[{"ddd":0,"ind":1,"ty":0,"nm":"SB42_Monkey Swing","refId":"comp_0","sr":1,"ks":{"p":{"a":0,"k":[638,360,0]},"a":{"a":0,"k":[640,360,0]}},"ao":0,"w":1280,"h":720,"ip":102,"op":152,"st":102,"bm":0}],"markers":[]}